Country Name,Country Code,Series Name,Series Code,2019 [YR2019],2022 [YR2022]
Afghanistan,AFG,Merchandise trade (% of GDP),TG.VAL.TOTL.GD.ZS,40.6448180105462,43.8014291268551
Afghanistan,AFG,GDP (current US$),NY.GDP.MKTP.CD,18799444490.1128,14497243872.1337
Afghanistan,AFG,"Unemployment, total (% of total labor force) (national estimate)",SL.UEM.TOTL.NE.ZS,..,..
Afghanistan,AFG,"Inflation, consumer prices (annual %)",FP.CPI.TOTL.ZG,2.30237251516834,13.7121023720065
Albania,ALB,Merchandise trade (% of GDP),TG.VAL.TOTL.GD.ZS,55.2643047805463,66.8235678368119
Albania,ALB,GDP (current US$),NY.GDP.MKTP.CD,15585105131.0644,19017242585.7803
Albania,ALB,"Unemployment, total (% of total labor force) (national estimate)",SL.UEM.TOTL.NE.ZS,11.466,10.785
Albania,ALB,"Inflation, consumer prices (annual %)",FP.CPI.TOTL.ZG,1.41109078954251,6.7252027153006
Algeria,DZA,Merchandise trade (% of GDP),TG.VAL.TOTL.GD.ZS,41.3233431383382,46.3511413740596
Algeria,DZA,GDP (current US$),NY.GDP.MKTP.CD,193459662090.677,225638456572.143
Algeria,DZA,"Unemployment, total (% of total labor force) (national estimate)",SL.UEM.TOTL.NE.ZS,..,..
Algeria,DZA,"Inflation, consumer prices (annual %)",FP.CPI.TOTL.ZG,1.95176821052892,9.26551551551553
American Samoa,ASM,Merchandise trade (% of GDP),TG.VAL.TOTL.GD.ZS,164.605873261206,116.99196326062
American Samoa,ASM,GDP (current US$),NY.GDP.MKTP.CD,647000000,871000000
American Samoa,ASM,"Unemployment, total (% of total labor force) (national estimate)",SL.UEM.TOTL.NE.ZS,..,..
American Samoa,ASM,"Inflation, consumer prices (annual %)",FP.CPI.TOTL.ZG,..,..
Andorra,AND,Merchandise trade (% of GDP),TG.VAL.TOTL.GD.ZS,..,66.5559850824375
Andorra,AND,GDP (current US$),NY.GDP.MKTP.CD,3155149347.80639,3380612573.32922
Andorra,AND,"Unemployment, total (% of total labor force) (national estimate)",SL.UEM.TOTL.NE.ZS,..,..
Andorra,AND,"Inflation, consumer prices (annual %)",FP.CPI.TOTL.ZG,..,..
Angola,AGO,Merchandise trade (% of GDP),TG.VAL.TOTL.GD.ZS,69.6691387123407,66.166827106391
Angola,AGO,GDP (current US$),NY.GDP.MKTP.CD,70897962732.0277,104399746853.401
Angola,AGO,"Unemployment, total (% of total labor force) (national estimate)",SL.UEM.TOTL.NE.ZS,16.497,14.124
Angola,AGO,"Inflation, consumer prices (annual %)",FP.CPI.TOTL.ZG,17.080954143438,21.3552901320822
Antigua and Barbuda,ATG,Merchandise trade (% of GDP),TG.VAL.TOTL.GD.ZS,42.8318432096513,45.0813820673901
Antigua and Barbuda,ATG,GDP (current US$),NY.GDP.MKTP.CD,1725351851.85185,1867733333.33333
Antigua and Barbuda,ATG,"Unemployment, total (% of total labor force) (national estimate)",SL.UEM.TOTL.NE.ZS,..,..
Antigua and Barbuda,ATG,"Inflation, consumer prices (annual %)",FP.CPI.TOTL.ZG,1.43135598182984,7.53107834634288
Argentina,ARG,Merchandise trade (% of GDP),TG.VAL.TOTL.GD.ZS,25.5139709712499,26.8602508226851
Argentina,ARG,GDP (current US$),NY.GDP.MKTP.CD,447754683615.225,632790070063.124
Argentina,ARG,"Unemployment, total (% of total labor force) (national estimate)",SL.UEM.TOTL.NE.ZS,9.843,6.805
Argentina,ARG,"Inflation, consumer prices (annual %)",FP.CPI.TOTL.ZG,..,..
Armenia,ARM,Merchandise trade (% of GDP),TG.VAL.TOTL.GD.ZS,59.8709600659714,72.4062585139894
Armenia,ARM,GDP (current US$),NY.GDP.MKTP.CD,13619290539.2116,19513506553.1251
Armenia,ARM,"Unemployment, total (% of total labor force) (national estimate)",SL.UEM.TOTL.NE.ZS,9.794,..
Armenia,ARM,"Inflation, consumer prices (annual %)",FP.CPI.TOTL.ZG,1.44344660770698,8.64091108973855
Aruba,ABW,Merchandise trade (% of GDP),TG.VAL.TOTL.GD.ZS,39.3721785709585,48.2718562099842
Aruba,ABW,GDP (current US$),NY.GDP.MKTP.CD,3395798882.68156,3279343543.60416
Aruba,ABW,"Unemployment, total (% of total labor force) (national estimate)",SL.UEM.TOTL.NE.ZS,..,..
Aruba,ABW,"Inflation, consumer prices (annual %)",FP.CPI.TOTL.ZG,4.25746204335428,..
Australia,AUS,Merchandise trade (% of GDP),TG.VAL.TOTL.GD.ZS,35.3673131582961,42.692638562881
Australia,AUS,GDP (current US$),NY.GDP.MKTP.CD,1392723834562.64,1690858246994.43
Australia,AUS,"Unemployment, total (% of total labor force) (national estimate)",SL.UEM.TOTL.NE.ZS,5.143,3.728
Australia,AUS,"Inflation, consumer prices (annual %)",FP.CPI.TOTL.ZG,1.61076787290379,6.59409671341846
Austria,AUT,Merchandise trade (% of GDP),TG.VAL.TOTL.GD.ZS,82.0409525855442,94.4198598298412
Austria,AUT,GDP (current US$),NY.GDP.MKTP.CD,442983642371.842,471773629830.381
Austria,AUT,"Unemployment, total (% of total labor force) (national estimate)",SL.UEM.TOTL.NE.ZS,4.56,4.992
Austria,AUT,"Inflation, consumer prices (annual %)",FP.CPI.TOTL.ZG,1.53089564152644,8.5468699318845
Azerbaijan,AZE,Merchandise trade (% of GDP),TG.VAL.TOTL.GD.ZS,69.1303137386106,66.855336945512
Azerbaijan,AZE,GDP (current US$),NY.GDP.MKTP.CD,48174235294.1176,78807470588.2353
Azerbaijan,AZE,"Unemployment, total (% of total labor force) (national estimate)",SL.UEM.TOTL.NE.ZS,5,5.65
Azerbaijan,AZE,"Inflation, consumer prices (annual %)",FP.CPI.TOTL.ZG,2.61057182799215,13.8522590144267
"Bahamas, The",BHS,Merchandise trade (% of GDP),TG.VAL.TOTL.GD.ZS,29.6399870930072,33.2511190280442
"Bahamas, The",BHS,GDP (current US$),NY.GDP.MKTP.CD,13016200000,13136400000
"Bahamas, The",BHS,"Unemployment, total (% of total labor force) (national estimate)",SL.UEM.TOTL.NE.ZS,9.336,..
"Bahamas, The",BHS,"Inflation, consumer prices (annual %)",FP.CPI.TOTL.ZG,2.49123527368046,5.60540633583044
Bahrain,BHR,Merchandise trade (% of GDP),TG.VAL.TOTL.GD.ZS,77.5734876380852,97.9661721883131
Bahrain,BHR,GDP (current US$),NY.GDP.MKTP.CD,40446808510.6383,46680398936.1702
Bahrain,BHR,"Unemployment, total (% of total labor force) (national estimate)",SL.UEM.TOTL.NE.ZS,..,..
Bahrain,BHR,"Inflation, consumer prices (annual %)",FP.CPI.TOTL.ZG,1.00582004702137,3.62574104304482
Bangladesh,BGD,Merchandise trade (% of GDP),TG.VAL.TOTL.GD.ZS,28.0245241879077,31.0626291222845
Bangladesh,BGD,GDP (current US$),NY.GDP.MKTP.CD,351231654603.692,460131688909.301
Bangladesh,BGD,"Unemployment, total (% of total labor force) (national estimate)",SL.UEM.TOTL.NE.ZS,..,4.593
Bangladesh,BGD,"Inflation, consumer prices (annual %)",FP.CPI.TOTL.ZG,5.59199639930629,7.69695437176898
Barbados,BRB,Merchandise trade (% of GDP),TG.VAL.TOTL.GD.ZS,34.9844375400809,42.2546229378198
Barbados,BRB,GDP (current US$),NY.GDP.MKTP.CD,5788288000,6257303500
Barbados,BRB,"Unemployment, total (% of total labor force) (national estimate)",SL.UEM.TOTL.NE.ZS,8.41,..
Barbados,BRB,"Inflation, consumer prices (annual %)",FP.CPI.TOTL.ZG,4.10028964518461,..
Belarus,BLR,Merchandise trade (% of GDP),TG.VAL.TOTL.GD.ZS,112.454373315916,103.735429826418
Belarus,BLR,GDP (current US$),NY.GDP.MKTP.CD,64410122847.3508,73775179924.603
Belarus,BLR,"Unemployment, total (% of total labor force) (national estimate)",SL.UEM.TOTL.NE.ZS,4.165,3.574
Belarus,BLR,"Inflation, consumer prices (annual %)",FP.CPI.TOTL.ZG,5.59815595039854,15.209675274081
Belgium,BEL,Merchandise trade (% of GDP),TG.VAL.TOTL.GD.ZS,163.172165690893,208.995764540301
Belgium,BEL,GDP (current US$),NY.GDP.MKTP.CD,536726344405.489,593438820508.173
Belgium,BEL,"Unemployment, total (% of total labor force) (national estimate)",SL.UEM.TOTL.NE.ZS,5.364,5.57
Belgium,BEL,"Inflation, consumer prices (annual %)",FP.CPI.TOTL.ZG,1.43681956996429,9.597511728725
Belize,BLZ,Merchandise trade (% of GDP),TG.VAL.TOTL.GD.ZS,59.0796801071892,66.708820739804
Belize,BLZ,GDP (current US$),NY.GDP.MKTP.CD,2388300000,2846700000
Belize,BLZ,"Unemployment, total (% of total labor force) (national estimate)",SL.UEM.TOTL.NE.ZS,9.053,..
Belize,BLZ,"Inflation, consumer prices (annual %)",FP.CPI.TOTL.ZG,0.187069385181424,6.27689319447544
Benin,BEN,Merchandise trade (% of GDP),TG.VAL.TOTL.GD.ZS,48.5280171484594,49.6099635437359
Benin,BEN,GDP (current US$),NY.GDP.MKTP.CD,14391686309.033,17401746309.2655
Benin,BEN,"Unemployment, total (% of total labor force) (national estimate)",SL.UEM.TOTL.NE.ZS,1.214,1.685
Benin,BEN,"Inflation, consumer prices (annual %)",FP.CPI.TOTL.ZG,0.732849371240975,1.35077863583527
Bermuda,BMU,Merchandise trade (% of GDP),TG.VAL.TOTL.GD.ZS,15.4240640994468,15.6617671481021
Bermuda,BMU,GDP (current US$),NY.GDP.MKTP.CD,7423465000,7827980000
Bermuda,BMU,"Unemployment, total (% of total labor force) (national estimate)",SL.UEM.TOTL.NE.ZS,..,..
Bermuda,BMU,"Inflation, consumer prices (annual %)",FP.CPI.TOTL.ZG,..,..
Bhutan,BTN,Merchandise trade (% of GDP),TG.VAL.TOTL.GD.ZS,60.4967627826,77.1160929396826
Bhutan,BTN,GDP (current US$),NY.GDP.MKTP.CD,2735683570.28851,2898227743.13545
Bhutan,BTN,"Unemployment, total (% of total labor force) (national estimate)",SL.UEM.TOTL.NE.ZS,2.72,5.947
Bhutan,BTN,"Inflation, consumer prices (annual %)",FP.CPI.TOTL.ZG,2.72643037388832,5.6391667139637
Bolivia,BOL,Merchandise trade (% of GDP),TG.VAL.TOTL.GD.ZS,45.3377029711301,60.6749417468691
Bolivia,BOL,GDP (current US$),NY.GDP.MKTP.CD,40895322843.7851,44008282877.9606
Bolivia,BOL,"Unemployment, total (% of total labor force) (national estimate)",SL.UEM.TOTL.NE.ZS,3.682,3.552
Bolivia,BOL,"Inflation, consumer prices (annual %)",FP.CPI.TOTL.ZG,1.83954504969026,1.74632872945969
Bosnia and Herzegovina,BIH,Merchandise trade (% of GDP),TG.VAL.TOTL.GD.ZS,86.5954147336924,102.104517801747
Bosnia and Herzegovina,BIH,GDP (current US$),NY.GDP.MKTP.CD,20482608755.379,24534663636.1778
Bosnia and Herzegovina,BIH,"Unemployment, total (% of total labor force) (national estimate)",SL.UEM.TOTL.NE.ZS,15.692,12.657
Bosnia and Herzegovina,BIH,"Inflation, consumer prices (annual %)",FP.CPI.TOTL.ZG,0.56278215406123,14.0208440826771
Botswana,BWA,Merchandise trade (% of GDP),TG.VAL.TOTL.GD.ZS,70.5552122802035,80.7058026297041
Botswana,BWA,GDP (current US$),NY.GDP.MKTP.CD,16725908148.5481,20321958850.0363
Botswana,BWA,"Unemployment, total (% of total labor force) (national estimate)",SL.UEM.TOTL.NE.ZS,20.094,23.615
Botswana,BWA,"Inflation, consumer prices (annual %)",FP.CPI.TOTL.ZG,2.77286442863321,11.665567478802
Brazil,BRA,Merchandise trade (% of GDP),TG.VAL.TOTL.GD.ZS,22.1156039339267,32.0904409488135
Brazil,BRA,GDP (current US$),NY.GDP.MKTP.CD,1873288205186.45,1951923942083.32
Brazil,BRA,"Unemployment, total (% of total labor force) (national estimate)",SL.UEM.TOTL.NE.ZS,11.936,9.231
Brazil,BRA,"Inflation, consumer prices (annual %)",FP.CPI.TOTL.ZG,3.73297621216894,9.28010608956873
British Virgin Islands,VGB,Merchandise trade (% of GDP),TG.VAL.TOTL.GD.ZS,..,..
British Virgin Islands,VGB,GDP (current US$),NY.GDP.MKTP.CD,..,..
British Virgin Islands,VGB,"Unemployment, total (% of total labor force) (national estimate)",SL.UEM.TOTL.NE.ZS,..,..
British Virgin Islands,VGB,"Inflation, consumer prices (annual %)",FP.CPI.TOTL.ZG,..,..
Brunei Darussalam,BRN,Merchandise trade (% of GDP),TG.VAL.TOTL.GD.ZS,90.1461715241588,140.358773789431
Brunei Darussalam,BRN,GDP (current US$),NY.GDP.MKTP.CD,13469235348.2211,16681536442.5498
Brunei Darussalam,BRN,"Unemployment, total (% of total labor force) (national estimate)",SL.UEM.TOTL.NE.ZS,6.6,5.191
Brunei Darussalam,BRN,"Inflation, consumer prices (annual %)",FP.CPI.TOTL.ZG,-0.390522069165529,3.68225030604216
Bulgaria,BGR,Merchandise trade (% of GDP),TG.VAL.TOTL.GD.ZS,103.455069308217,119.020968355358
Bulgaria,BGR,GDP (current US$),NY.GDP.MKTP.CD,68631726289.2794,90642851835.8996
Bulgaria,BGR,"Unemployment, total (% of total labor force) (national estimate)",SL.UEM.TOTL.NE.ZS,4.23,4.268
Bulgaria,BGR,"Inflation, consumer prices (annual %)",FP.CPI.TOTL.ZG,3.10372944796781,15.3252589264366
Burkina Faso,BFA,Merchandise trade (% of GDP),TG.VAL.TOTL.GD.ZS,46.922519234808,53.2512409380684
Burkina Faso,BFA,GDP (current US$),NY.GDP.MKTP.CD,16032813503.3707,18820218690.5948
Burkina Faso,BFA,"Unemployment, total (% of total labor force) (national estimate)",SL.UEM.TOTL.NE.ZS,1.56,1.927
Burkina Faso,BFA,"Inflation, consumer prices (annual %)",FP.CPI.TOTL.ZG,-3.2333893398333,14.2902354303358
Burundi,BDI,Merchandise trade (% of GDP),TG.VAL.TOTL.GD.ZS,41.4124658024272,43.9389573715986
Burundi,BDI,GDP (current US$),NY.GDP.MKTP.CD,2576518879.82353,3338722827.65691
Burundi,BDI,"Unemployment, total (% of total labor force) (national estimate)",SL.UEM.TOTL.NE.ZS,..,..
Burundi,BDI,"Inflation, consumer prices (annual %)",FP.CPI.TOTL.ZG,-0.686772170797359,18.8008786664945
Cabo Verde,CPV,Merchandise trade (% of GDP),TG.VAL.TOTL.GD.ZS,38.0964706169673,42.9015827241715
Cabo Verde,CPV,GDP (current US$),NY.GDP.MKTP.CD,2252177133.74705,2247003347.63376
Cabo Verde,CPV,"Unemployment, total (% of total labor force) (national estimate)",SL.UEM.TOTL.NE.ZS,11.29,..
Cabo Verde,CPV,"Inflation, consumer prices (annual %)",FP.CPI.TOTL.ZG,1.10666674296063,7.93092925430087
Cambodia,KHM,Merchandise trade (% of GDP),TG.VAL.TOTL.GD.ZS,95.6894069935005,130.710364971126
Cambodia,KHM,GDP (current US$),NY.GDP.MKTP.CD,36685356407.7206,39994532959.6074
Cambodia,KHM,"Unemployment, total (% of total labor force) (national estimate)",SL.UEM.TOTL.NE.ZS,0.499,..
Cambodia,KHM,"Inflation, consumer prices (annual %)",FP.CPI.TOTL.ZG,1.94257500833107,5.34370264895437
Cameroon,CMR,Merchandise trade (% of GDP),TG.VAL.TOTL.GD.ZS,26.8908571213348,30.3468948595835
Cameroon,CMR,GDP (current US$),NY.GDP.MKTP.CD,39667757527.6578,44347206072.5513
Cameroon,CMR,"Unemployment, total (% of total labor force) (national estimate)",SL.UEM.TOTL.NE.ZS,..,..
Cameroon,CMR,"Inflation, consumer prices (annual %)",FP.CPI.TOTL.ZG,2.45280214062732,6.24767713343861
Canada,CAN,Merchandise trade (% of GDP),TG.VAL.TOTL.GD.ZS,52.2909233942246,54.7115474830706
Canada,CAN,GDP (current US$),NY.GDP.MKTP.CD,1743725183672.52,2161483369422.01
Canada,CAN,"Unemployment, total (% of total labor force) (national estimate)",SL.UEM.TOTL.NE.ZS,5.69,5.28
Canada,CAN,"Inflation, consumer prices (annual %)",FP.CPI.TOTL.ZG,1.94926902411593,6.80280115341613
Cayman Islands,CYM,Merchandise trade (% of GDP),TG.VAL.TOTL.GD.ZS,24.8742126901524,27.7994754940629
Cayman Islands,CYM,GDP (current US$),NY.GDP.MKTP.CD,5941896607.58643,6600843963.37585
Cayman Islands,CYM,"Unemployment, total (% of total labor force) (national estimate)",SL.UEM.TOTL.NE.ZS,..,..
Cayman Islands,CYM,"Inflation, consumer prices (annual %)",FP.CPI.TOTL.ZG,..,..
Central African Republic,CAF,Merchandise trade (% of GDP),TG.VAL.TOTL.GD.ZS,34.2591967319944,28.162291512829
Central African Republic,CAF,GDP (current US$),NY.GDP.MKTP.CD,2221301351.43918,2382618615.01694
Central African Republic,CAF,"Unemployment, total (% of total labor force) (national estimate)",SL.UEM.TOTL.NE.ZS,..,..
Central African Republic,CAF,"Inflation, consumer prices (annual %)",FP.CPI.TOTL.ZG,2.68537355266787,5.58316735183247
Chad,TCD,Merchandise trade (% of GDP),TG.VAL.TOTL.GD.ZS,39.8764428005212,52.1666562450084
Chad,TCD,GDP (current US$),NY.GDP.MKTP.CD,11314951091.7283,12396807588.4082
Chad,TCD,"Unemployment, total (% of total labor force) (national estimate)",SL.UEM.TOTL.NE.ZS,..,..
Chad,TCD,"Inflation, consumer prices (annual %)",FP.CPI.TOTL.ZG,-0.971939175419317,5.78802687843616
Channel Islands,CHI,Merchandise trade (% of GDP),TG.VAL.TOTL.GD.ZS,..,..
Channel Islands,CHI,GDP (current US$),NY.GDP.MKTP.CD,10032440928.3488,11308300346.3725
Channel Islands,CHI,"Unemployment, total (% of total labor force) (national estimate)",SL.UEM.TOTL.NE.ZS,..,..
Channel Islands,CHI,"Inflation, consumer prices (annual %)",FP.CPI.TOTL.ZG,..,..
Chile,CHL,Merchandise trade (% of GDP),TG.VAL.TOTL.GD.ZS,49.8226533030541,67.2488836253125
Chile,CHL,GDP (current US$),NY.GDP.MKTP.CD,278285058719.466,302116539409.03
Chile,CHL,"Unemployment, total (% of total labor force) (national estimate)",SL.UEM.TOTL.NE.ZS,7.493,8.249
Chile,CHL,"Inflation, consumer prices (annual %)",FP.CPI.TOTL.ZG,2.55754475703327,11.643866711056
China,CHN,Merchandise trade (% of GDP),TG.VAL.TOTL.GD.ZS,32.05779479128,34.9570348245841
China,CHN,GDP (current US$),NY.GDP.MKTP.CD,14279968506271.7,17881782683707.3
China,CHN,"Unemployment, total (% of total labor force) (national estimate)",SL.UEM.TOTL.NE.ZS,5.15,..
China,CHN,"Inflation, consumer prices (annual %)",FP.CPI.TOTL.ZG,2.89923416358227,1.97357555739051
Colombia,COL,Merchandise trade (% of GDP),TG.VAL.TOTL.GD.ZS,28.5396138086659,38.9227836049346
Colombia,COL,GDP (current US$),NY.GDP.MKTP.CD,323031701192.84,345329875078.512
Colombia,COL,"Unemployment, total (% of total labor force) (national estimate)",SL.UEM.TOTL.NE.ZS,10.28,10.547
Colombia,COL,"Inflation, consumer prices (annual %)",FP.CPI.TOTL.ZG,3.52301932741447,10.1772313546166
Comoros,COM,Merchandise trade (% of GDP),TG.VAL.TOTL.GD.ZS,25.438914752831,32.3536193868824
Comoros,COM,GDP (current US$),NY.GDP.MKTP.CD,1195019531.9011,1242519407.77603
Comoros,COM,"Unemployment, total (% of total labor force) (national estimate)",SL.UEM.TOTL.NE.ZS,..,..
Comoros,COM,"Inflation, consumer prices (annual %)",FP.CPI.TOTL.ZG,..,..
"Congo, Dem. Rep.",COD,Merchandise trade (% of GDP),TG.VAL.TOTL.GD.ZS,42.8906693580112,41.152527531042
"Congo, Dem. Rep.",COD,GDP (current US$),NY.GDP.MKTP.CD,51775829877.2088,65801547619.5815
"Congo, Dem. Rep.",COD,"Unemployment, total (% of total labor force) (national estimate)",SL.UEM.TOTL.NE.ZS,..,..
"Congo, Dem. Rep.",COD,"Inflation, consumer prices (annual %)",FP.CPI.TOTL.ZG,..,..
"Congo, Rep.",COG,Merchandise trade (% of GDP),TG.VAL.TOTL.GD.ZS,55.9361995572389,85.6355451530839
"Congo, Rep.",COG,GDP (current US$),NY.GDP.MKTP.CD,13976637779.9763,15817030154.6941
"Congo, Rep.",COG,"Unemployment, total (% of total labor force) (national estimate)",SL.UEM.TOTL.NE.ZS,..,..
"Congo, Rep.",COG,"Inflation, consumer prices (annual %)",FP.CPI.TOTL.ZG,2.20607305781525,3.04344334698478
Costa Rica,CRI,Merchandise trade (% of GDP),TG.VAL.TOTL.GD.ZS,45.6970886431567,56.7301313535759
Costa Rica,CRI,GDP (current US$),NY.GDP.MKTP.CD,64417670521.3545,69243626028.5936
Costa Rica,CRI,"Unemployment, total (% of total labor force) (national estimate)",SL.UEM.TOTL.NE.ZS,10.807,11.325
Costa Rica,CRI,"Inflation, consumer prices (annual %)",FP.CPI.TOTL.ZG,2.09604635327807,8.27477490232654
Cote d'Ivoire,CIV,Merchandise trade (% of GDP),TG.VAL.TOTL.GD.ZS,38.4231331013285,48.9047518044585
Cote d'Ivoire,CIV,GDP (current US$),NY.GDP.MKTP.CD,60382894697.3557,70173140101.4315
Cote d'Ivoire,CIV,"Unemployment, total (% of total labor force) (national estimate)",SL.UEM.TOTL.NE.ZS,2.401,2.31
Cote d'Ivoire,CIV,"Inflation, consumer prices (annual %)",FP.CPI.TOTL.ZG,-1.10686343994188,5.27616724262846
Croatia,HRV,Merchandise trade (% of GDP),TG.VAL.TOTL.GD.ZS,73.7624588146888,98.4428983780884
Croatia,HRV,GDP (current US$),NY.GDP.MKTP.CD,61467582193.6824,71198635101.9514
Croatia,HRV,"Unemployment, total (% of total labor force) (national estimate)",SL.UEM.TOTL.NE.ZS,6.617,6.96
Croatia,HRV,"Inflation, consumer prices (annual %)",FP.CPI.TOTL.ZG,0.771820346498019,10.7805806758686
Cuba,CUB,Merchandise trade (% of GDP),TG.VAL.TOTL.GD.ZS,11.5665451001473,..
Cuba,CUB,GDP (current US$),NY.GDP.MKTP.CD,103427600000,..
Cuba,CUB,"Unemployment, total (% of total labor force) (national estimate)",SL.UEM.TOTL.NE.ZS,..,..
Cuba,CUB,"Inflation, consumer prices (annual %)",FP.CPI.TOTL.ZG,..,..
Curacao,CUW,Merchandise trade (% of GDP),TG.VAL.TOTL.GD.ZS,61.431716533541,83.7674315250816
Curacao,CUW,GDP (current US$),NY.GDP.MKTP.CD,3026124134.07821,3075180834.72417
Curacao,CUW,"Unemployment, total (% of total labor force) (national estimate)",SL.UEM.TOTL.NE.ZS,..,..
Curacao,CUW,"Inflation, consumer prices (annual %)",FP.CPI.TOTL.ZG,2.62220783425059,..
Cyprus,CYP,Merchandise trade (% of GDP),TG.VAL.TOTL.GD.ZS,48.0213759720051,53.4862648173744
Cyprus,CYP,GDP (current US$),NY.GDP.MKTP.CD,26196667099.5303,30976176886.8521
Cyprus,CYP,"Unemployment, total (% of total labor force) (national estimate)",SL.UEM.TOTL.NE.ZS,7.155,6.807
Cyprus,CYP,"Inflation, consumer prices (annual %)",FP.CPI.TOTL.ZG,0.250370996758493,8.39548297993334
Czechia,CZE,Merchandise trade (% of GDP),TG.VAL.TOTL.GD.ZS,147.264613727186,158.591277203331
Czechia,CZE,GDP (current US$),NY.GDP.MKTP.CD,256794209028.77,301831228325.556
Czechia,CZE,"Unemployment, total (% of total labor force) (national estimate)",SL.UEM.TOTL.NE.ZS,2.015,2.224
Czechia,CZE,"Inflation, consumer prices (annual %)",FP.CPI.TOTL.ZG,2.8478759591805,15.1001651468371
Denmark,DNK,Merchandise trade (% of GDP),TG.VAL.TOTL.GD.ZS,60.584570811126,64.7184632603414
Denmark,DNK,GDP (current US$),NY.GDP.MKTP.CD,345401473012.615,401945576107.963
Denmark,DNK,"Unemployment, total (% of total labor force) (national estimate)",SL.UEM.TOTL.NE.ZS,5.018,4.434
Denmark,DNK,"Inflation, consumer prices (annual %)",FP.CPI.TOTL.ZG,0.75813157251162,7.6965669988926
Djibouti,DJI,Merchandise trade (% of GDP),TG.VAL.TOTL.GD.ZS,263.333940411955,222.219290199081
Djibouti,DJI,GDP (current US$),NY.GDP.MKTP.CD,3088853638.56832,3674298479.07676
Djibouti,DJI,"Unemployment, total (% of total labor force) (national estimate)",SL.UEM.TOTL.NE.ZS,..,..
Djibouti,DJI,"Inflation, consumer prices (annual %)",FP.CPI.TOTL.ZG,3.31925372703827,5.17980847967061
Dominica,DMA,Merchandise trade (% of GDP),TG.VAL.TOTL.GD.ZS,55.2705689973655,47.4340126759103
Dominica,DMA,GDP (current US$),NY.GDP.MKTP.CD,611537037.037037,607159259.259259
Dominica,DMA,"Unemployment, total (% of total labor force) (national estimate)",SL.UEM.TOTL.NE.ZS,..,..
Dominica,DMA,"Inflation, consumer prices (annual %)",FP.CPI.TOTL.ZG,1.50462353858141,7.7806152516404
Dominican Republic,DOM,Merchandise trade (% of GDP),TG.VAL.TOTL.GD.ZS,35.3727394744207,39.3377094409255
Dominican Republic,DOM,GDP (current US$),NY.GDP.MKTP.CD,88941372558.2397,113537368176.13
Dominican Republic,DOM,"Unemployment, total (% of total labor force) (national estimate)",SL.UEM.TOTL.NE.ZS,6.356,5.504
Dominican Republic,DOM,"Inflation, consumer prices (annual %)",FP.CPI.TOTL.ZG,1.81060377042959,8.81109209279587
Ecuador,ECU,Merchandise trade (% of GDP),TG.VAL.TOTL.GD.ZS,41.7237363355414,56.3592159231978
Ecuador,ECU,GDP (current US$),NY.GDP.MKTP.CD,107595829000,116586079000
Ecuador,ECU,"Unemployment, total (% of total labor force) (national estimate)",SL.UEM.TOTL.NE.ZS,3.812,3.713
Ecuador,ECU,"Inflation, consumer prices (annual %)",FP.CPI.TOTL.ZG,0.266012515466155,3.46616972213077
"Egypt, Arab Rep.",EGY,Merchandise trade (% of GDP),TG.VAL.TOTL.GD.ZS,31.3767326661901,30.8234300286898
"Egypt, Arab Rep.",EGY,GDP (current US$),NY.GDP.MKTP.CD,318678815489.749,476747720364.742
"Egypt, Arab Rep.",EGY,"Unemployment, total (% of total labor force) (national estimate)",SL.UEM.TOTL.NE.ZS,7.851,7.344
"Egypt, Arab Rep.",EGY,"Inflation, consumer prices (annual %)",FP.CPI.TOTL.ZG,9.15279959324804,13.8956609775178
El Salvador,SLV,Merchandise trade (% of GDP),TG.VAL.TOTL.GD.ZS,65.127446231819,75.7230941213395
El Salvador,SLV,GDP (current US$),NY.GDP.MKTP.CD,26881140000,31988920000
El Salvador,SLV,"Unemployment, total (% of total labor force) (national estimate)",SL.UEM.TOTL.NE.ZS,4.17,2.999
El Salvador,SLV,"Inflation, consumer prices (annual %)",FP.CPI.TOTL.ZG,0.0753241350024612,7.19861615609867
Equatorial Guinea,GNQ,Merchandise trade (% of GDP),TG.VAL.TOTL.GD.ZS,65.9971124694013,76.6238545687333
Equatorial Guinea,GNQ,GDP (current US$),NY.GDP.MKTP.CD,11364133549.7478,13687643435.6249
Equatorial Guinea,GNQ,"Unemployment, total (% of total labor force) (national estimate)",SL.UEM.TOTL.NE.ZS,..,..
Equatorial Guinea,GNQ,"Inflation, consumer prices (annual %)",FP.CPI.TOTL.ZG,1.53027528964189,4.78671704710803
Eritrea,ERI,Merchandise trade (% of GDP),TG.VAL.TOTL.GD.ZS,42.0251599904209,36.337333073942
Eritrea,ERI,GDP (current US$),NY.GDP.MKTP.CD,..,..
Eritrea,ERI,"Unemployment, total (% of total labor force) (national estimate)",SL.UEM.TOTL.NE.ZS,..,..
Eritrea,ERI,"Inflation, consumer prices (annual %)",FP.CPI.TOTL.ZG,..,..
Estonia,EST,Merchandise trade (% of GDP),TG.VAL.TOTL.GD.ZS,107.066163588785,129.302012442238
Estonia,EST,GDP (current US$),NY.GDP.MKTP.CD,31873748770.0313,38376046174.971
Estonia,EST,"Unemployment, total (% of total labor force) (national estimate)",SL.UEM.TOTL.NE.ZS,4.514,5.571
Estonia,EST,"Inflation, consumer prices (annual %)",FP.CPI.TOTL.ZG,2.27725931243522,19.3982634080616
Eswatini,SWZ,Merchandise trade (% of GDP),TG.VAL.TOTL.GD.ZS,83.4418225150092,85.3393369048659
Eswatini,SWZ,GDP (current US$),NY.GDP.MKTP.CD,4594818143.27624,4695372785.0814
Eswatini,SWZ,"Unemployment, total (% of total labor force) (national estimate)",SL.UEM.TOTL.NE.ZS,..,..
Eswatini,SWZ,"Inflation, consumer prices (annual %)",FP.CPI.TOTL.ZG,2.59801620311077,..
Ethiopia,ETH,Merchandise trade (% of GDP),TG.VAL.TOTL.GD.ZS,18.0320402194406,17.8532124470705
Ethiopia,ETH,GDP (current US$),NY.GDP.MKTP.CD,95912607722.3032,126772703047.701
Ethiopia,ETH,"Unemployment, total (% of total labor force) (national estimate)",SL.UEM.TOTL.NE.ZS,..,..
Ethiopia,ETH,"Inflation, consumer prices (annual %)",FP.CPI.TOTL.ZG,15.8096321719344,33.8898797100898
Faroe Islands,FRO,Merchandise trade (% of GDP),TG.VAL.TOTL.GD.ZS,..,..
Faroe Islands,FRO,GDP (current US$),NY.GDP.MKTP.CD,3266432734.22819,3566698397.6602
Faroe Islands,FRO,"Unemployment, total (% of total labor force) (national estimate)",SL.UEM.TOTL.NE.ZS,..,..
Faroe Islands,FRO,"Inflation, consumer prices (annual %)",FP.CPI.TOTL.ZG,..,..
Fiji,FJI,Merchandise trade (% of GDP),TG.VAL.TOTL.GD.ZS,69.1902690543358,81.5373195822665
Fiji,FJI,GDP (current US$),NY.GDP.MKTP.CD,5444407214.31758,4969503560.7735
Fiji,FJI,"Unemployment, total (% of total labor force) (national estimate)",SL.UEM.TOTL.NE.ZS,..,..
Fiji,FJI,"Inflation, consumer prices (annual %)",FP.CPI.TOTL.ZG,1.77310182460282,4.52019266394958
Finland,FIN,Merchandise trade (% of GDP),TG.VAL.TOTL.GD.ZS,55.1220338172411,65.4428375800291
Finland,FIN,GDP (current US$),NY.GDP.MKTP.CD,267014821129.411,280241515774.32
Finland,FIN,"Unemployment, total (% of total labor force) (national estimate)",SL.UEM.TOTL.NE.ZS,6.695,6.719
Finland,FIN,"Inflation, consumer prices (annual %)",FP.CPI.TOTL.ZG,1.02409392963431,7.12350773301402
France,FRA,Merchandise trade (% of GDP),TG.VAL.TOTL.GD.ZS,45.012924893891,51.6280749137657
France,FRA,GDP (current US$),NY.GDP.MKTP.CD,2722793515171.76,2796302210398.84
France,FRA,"Unemployment, total (% of total labor force) (national estimate)",SL.UEM.TOTL.NE.ZS,8.415,7.303
France,FRA,"Inflation, consumer prices (annual %)",FP.CPI.TOTL.ZG,1.10825492288294,5.22236748369735
French Polynesia,PYF,Merchandise trade (% of GDP),TG.VAL.TOTL.GD.ZS,37.1122135087894,40.019528505566
French Polynesia,PYF,GDP (current US$),NY.GDP.MKTP.CD,6022276196.13871,5814661208.90544
French Polynesia,PYF,"Unemployment, total (% of total labor force) (national estimate)",SL.UEM.TOTL.NE.ZS,..,..
French Polynesia,PYF,"Inflation, consumer prices (annual %)",FP.CPI.TOTL.ZG,..,..
Gabon,GAB,Merchandise trade (% of GDP),TG.VAL.TOTL.GD.ZS,68.6720490613236,69.5085334437192
Gabon,GAB,GDP (current US$),NY.GDP.MKTP.CD,16874405465.391,20440655695.1804
Gabon,GAB,"Unemployment, total (% of total labor force) (national estimate)",SL.UEM.TOTL.NE.ZS,..,..
Gabon,GAB,"Inflation, consumer prices (annual %)",FP.CPI.TOTL.ZG,2.46456756151187,4.23124798274579
"Gambia, The",GMB,Merchandise trade (% of GDP),TG.VAL.TOTL.GD.ZS,41.5745462277864,33.2919900658276
"Gambia, The",GMB,GDP (current US$),NY.GDP.MKTP.CD,1813609692.49994,2204734527.88096
"Gambia, The",GMB,"Unemployment, total (% of total labor force) (national estimate)",SL.UEM.TOTL.NE.ZS,..,..
"Gambia, The",GMB,"Inflation, consumer prices (annual %)",FP.CPI.TOTL.ZG,7.11567625631192,11.5131198380505
Georgia,GEO,Merchandise trade (% of GDP),TG.VAL.TOTL.GD.ZS,75.4946450549008,76.5712629700796
Georgia,GEO,GDP (current US$),NY.GDP.MKTP.CD,17638337116.9126,24984568959.605
Georgia,GEO,"Unemployment, total (% of total labor force) (national estimate)",SL.UEM.TOTL.NE.ZS,11.565,..
Georgia,GEO,"Inflation, consumer prices (annual %)",FP.CPI.TOTL.ZG,4.85289821696723,11.8981654203198
Germany,DEU,Merchandise trade (% of GDP),TG.VAL.TOTL.GD.ZS,68.8209960659136,78.2602759711221
Germany,DEU,GDP (current US$),NY.GDP.MKTP.CD,3957208055215.68,4163596357879.39
Germany,DEU,"Unemployment, total (% of total labor force) (national estimate)",SL.UEM.TOTL.NE.ZS,3.163,3.12
Germany,DEU,"Inflation, consumer prices (annual %)",FP.CPI.TOTL.ZG,1.44565976888253,6.87257438551097
Ghana,GHA,Merchandise trade (% of GDP),TG.VAL.TOTL.GD.ZS,42.5517473230679,43.2447417570413
Ghana,GHA,GDP (current US$),NY.GDP.MKTP.CD,68337969247.7067,74263364041.8742
Ghana,GHA,"Unemployment, total (% of total labor force) (national estimate)",SL.UEM.TOTL.NE.ZS,..,2.87
Ghana,GHA,"Inflation, consumer prices (annual %)",FP.CPI.TOTL.ZG,7.14364003330857,31.2558951049016
Gibraltar,GIB,Merchandise trade (% of GDP),TG.VAL.TOTL.GD.ZS,..,..
Gibraltar,GIB,GDP (current US$),NY.GDP.MKTP.CD,..,..
Gibraltar,GIB,"Unemployment, total (% of total labor force) (national estimate)",SL.UEM.TOTL.NE.ZS,..,..
Gibraltar,GIB,"Inflation, consumer prices (annual %)",FP.CPI.TOTL.ZG,..,..
Greece,GRC,Merchandise trade (% of GDP),TG.VAL.TOTL.GD.ZS,48.3783244955737,72.0982235031466
Greece,GRC,GDP (current US$),NY.GDP.MKTP.CD,207305649887.019,218880566444.349
Greece,GRC,"Unemployment, total (% of total labor force) (national estimate)",SL.UEM.TOTL.NE.ZS,17.045,12.426
Greece,GRC,"Inflation, consumer prices (annual %)",FP.CPI.TOTL.ZG,0.253007522038157,9.64525981280632
Greenland,GRL,Merchandise trade (% of GDP),TG.VAL.TOTL.GD.ZS,60.4542078397631,..
Greenland,GRL,GDP (current US$),NY.GDP.MKTP.CD,2997309971.87623,..
Greenland,GRL,"Unemployment, total (% of total labor force) (national estimate)",SL.UEM.TOTL.NE.ZS,..,..
Greenland,GRL,"Inflation, consumer prices (annual %)",FP.CPI.TOTL.ZG,..,..
Grenada,GRD,Merchandise trade (% of GDP),TG.VAL.TOTL.GD.ZS,42.3573362308136,51.1196602910754
Grenada,GRD,GDP (current US$),NY.GDP.MKTP.CD,1213485185.18519,1224577777.77778
Grenada,GRD,"Unemployment, total (% of total labor force) (national estimate)",SL.UEM.TOTL.NE.ZS,9.788,..
Grenada,GRD,"Inflation, consumer prices (annual %)",FP.CPI.TOTL.ZG,0.598149764736022,2.5805392590792
Guam,GUM,Merchandise trade (% of GDP),TG.VAL.TOTL.GD.ZS,17.0259638080252,18.4225759768452
Guam,GUM,GDP (current US$),NY.GDP.MKTP.CD,6355000000,6910000000
Guam,GUM,"Unemployment, total (% of total labor force) (national estimate)",SL.UEM.TOTL.NE.ZS,..,..
Guam,GUM,"Inflation, consumer prices (annual %)",FP.CPI.TOTL.ZG,..,..
Guatemala,GTM,Merchandise trade (% of GDP),TG.VAL.TOTL.GD.ZS,40.2437053897326,49.9955428388986
Guatemala,GTM,GDP (current US$),NY.GDP.MKTP.CD,77172317258.6478,95630524813.106
Guatemala,GTM,"Unemployment, total (% of total labor force) (national estimate)",SL.UEM.TOTL.NE.ZS,2.193,3.051
Guatemala,GTM,"Inflation, consumer prices (annual %)",FP.CPI.TOTL.ZG,3.69998398008598,6.88512823344287
Guinea,GIN,Merchandise trade (% of GDP),TG.VAL.TOTL.GD.ZS,55.1593870245608,68.2857407252463
Guinea,GIN,GDP (current US$),NY.GDP.MKTP.CD,13442861496.4454,19910452541.9219
Guinea,GIN,"Unemployment, total (% of total labor force) (national estimate)",SL.UEM.TOTL.NE.ZS,5.018,..
Guinea,GIN,"Inflation, consumer prices (annual %)",FP.CPI.TOTL.ZG,9.47001039253012,10.4930409984424
Guinea-Bissau,GNB,Merchandise trade (% of GDP),TG.VAL.TOTL.GD.ZS,39.9083780788805,39.7415456817995
Guinea-Bissau,GNB,GDP (current US$),NY.GDP.MKTP.CD,1588638853.59328,1796608530.82267
Guinea-Bissau,GNB,"Unemployment, total (% of total labor force) (national estimate)",SL.UEM.TOTL.NE.ZS,1.799,2.666
Guinea-Bissau,GNB,"Inflation, consumer prices (annual %)",FP.CPI.TOTL.ZG,0.24660026814783,9.39383877456591
Guyana,GUY,Merchandise trade (% of GDP),TG.VAL.TOTL.GD.ZS,108.373789895331,101.2678901771
Guyana,GUY,GDP (current US$),NY.GDP.MKTP.CD,5173760191.84652,14718387016.7866
Guyana,GUY,"Unemployment, total (% of total labor force) (national estimate)",SL.UEM.TOTL.NE.ZS,13.172,..
Guyana,GUY,"Inflation, consumer prices (annual %)",FP.CPI.TOTL.ZG,2.08723089162013,6.11505550109935
Haiti,HTI,Merchandise trade (% of GDP),TG.VAL.TOTL.GD.ZS,35.854870786766,29.1504424663859
Haiti,HTI,GDP (current US$),NY.GDP.MKTP.CD,15016090929.5125,20253551920.5516
Haiti,HTI,"Unemployment, total (% of total labor force) (national estimate)",SL.UEM.TOTL.NE.ZS,..,..
Haiti,HTI,"Inflation, consumer prices (annual %)",FP.CPI.TOTL.ZG,18.7037825672506,33.98393194707
Honduras,HND,Merchandise trade (% of GDP),TG.VAL.TOTL.GD.ZS,84.144401780013,97.3778377440451
Honduras,HND,GDP (current US$),NY.GDP.MKTP.CD,24882225741.8119,31426041806.7985
Honduras,HND,"Unemployment, total (% of total labor force) (national estimate)",SL.UEM.TOTL.NE.ZS,5.698,8.774
Honduras,HND,"Inflation, consumer prices (annual %)",FP.CPI.TOTL.ZG,4.36587159819267,9.08963911525025
"Hong Kong SAR, China",HKG,Merchandise trade (% of GDP),TG.VAL.TOTL.GD.ZS,306.47177421324,356.160143402287
"Hong Kong SAR, China",HKG,GDP (current US$),NY.GDP.MKTP.CD,363074545072.389,358681066274.469
"Hong Kong SAR, China",HKG,"Unemployment, total (% of total labor force) (national estimate)",SL.UEM.TOTL.NE.ZS,2.917,4.318
"Hong Kong SAR, China",HKG,"Inflation, consumer prices (annual %)",FP.CPI.TOTL.ZG,2.88320853773996,1.88136707196853
Hungary,HUN,Merchandise trade (% of GDP),TG.VAL.TOTL.GD.ZS,148.997265039884,178.981373391792
Hungary,HUN,GDP (current US$),NY.GDP.MKTP.CD,164020460331.659,177006128624.627
Hungary,HUN,"Unemployment, total (% of total labor force) (national estimate)",SL.UEM.TOTL.NE.ZS,3.419,3.609
Hungary,HUN,"Inflation, consumer prices (annual %)",FP.CPI.TOTL.ZG,3.33858635382008,14.6081439492433
Iceland,ISL,Merchandise trade (% of GDP),TG.VAL.TOTL.GD.ZS,47.768874205261,59.019388426382
Iceland,ISL,GDP (current US$),NY.GDP.MKTP.CD,24681343649.2952,28770206626.5564
Iceland,ISL,"Unemployment, total (% of total labor force) (national estimate)",SL.UEM.TOTL.NE.ZS,3.507,3.789
Iceland,ISL,"Inflation, consumer prices (annual %)",FP.CPI.TOTL.ZG,3.01397179156053,8.3087551155892
India,IND,Merchandise trade (% of GDP),TG.VAL.TOTL.GD.ZS,28.5793910253128,35.004214323338
India,IND,GDP (current US$),NY.GDP.MKTP.CD,2835606256558.19,3353470496886.33
India,IND,"Unemployment, total (% of total labor force) (national estimate)",SL.UEM.TOTL.NE.ZS,6.51,4.822
India,IND,"Inflation, consumer prices (annual %)",FP.CPI.TOTL.ZG,3.72950573539129,6.69903414079852
Indonesia,IDN,Merchandise trade (% of GDP),TG.VAL.TOTL.GD.ZS,30.2885389112111,40.1361174579453
Indonesia,IDN,GDP (current US$),NY.GDP.MKTP.CD,1119099871385.79,1319076267291.51
Indonesia,IDN,"Unemployment, total (% of total labor force) (national estimate)",SL.UEM.TOTL.NE.ZS,3.59,3.462
Indonesia,IDN,"Inflation, consumer prices (annual %)",FP.CPI.TOTL.ZG,3.03058664969487,4.20946383402165
"Iran, Islamic Rep.",IRN,Merchandise trade (% of GDP),TG.VAL.TOTL.GD.ZS,32.2458249190363,39.6601988517266
"Iran, Islamic Rep.",IRN,GDP (current US$),NY.GDP.MKTP.CD,333519146339.191,394362621793.035
"Iran, Islamic Rep.",IRN,"Unemployment, total (% of total labor force) (national estimate)",SL.UEM.TOTL.NE.ZS,10.74,9.085
"Iran, Islamic Rep.",IRN,"Inflation, consumer prices (annual %)",FP.CPI.TOTL.ZG,39.9073455697784,43.4884641742179
Iraq,IRQ,Merchandise trade (% of GDP),TG.VAL.TOTL.GD.ZS,58.9771877279661,60.4377595339382
Iraq,IRQ,GDP (current US$),NY.GDP.MKTP.CD,233636097800.338,286640340965.517
Iraq,IRQ,"Unemployment, total (% of total labor force) (national estimate)",SL.UEM.TOTL.NE.ZS,..,..
Iraq,IRQ,"Inflation, consumer prices (annual %)",FP.CPI.TOTL.ZG,-0.198965380023928,4.99476596381044
Ireland,IRL,Merchandise trade (% of GDP),TG.VAL.TOTL.GD.ZS,66.497787409981,65.8849071335317
Ireland,IRL,GDP (current US$),NY.GDP.MKTP.CD,407124824064.995,548570250341.987
Ireland,IRL,"Unemployment, total (% of total labor force) (national estimate)",SL.UEM.TOTL.NE.ZS,4.95,4.501
Ireland,IRL,"Inflation, consumer prices (annual %)",FP.CPI.TOTL.ZG,0.937842961189274,7.82945736434105
Isle of Man,IMN,Merchandise trade (% of GDP),TG.VAL.TOTL.GD.ZS,..,..
Isle of Man,IMN,GDP (current US$),NY.GDP.MKTP.CD,7314967866.28289,..
Isle of Man,IMN,"Unemployment, total (% of total labor force) (national estimate)",SL.UEM.TOTL.NE.ZS,..,..
Isle of Man,IMN,"Inflation, consumer prices (annual %)",FP.CPI.TOTL.ZG,..,..
Israel,ISR,Merchandise trade (% of GDP),TG.VAL.TOTL.GD.ZS,33.8039884700699,34.4483537036231
Israel,ISR,GDP (current US$),NY.GDP.MKTP.CD,399651065197.871,525000415276.678
Israel,ISR,"Unemployment, total (% of total labor force) (national estimate)",SL.UEM.TOTL.NE.ZS,3.731,3.695
Israel,ISR,"Inflation, consumer prices (annual %)",FP.CPI.TOTL.ZG,0.84978312826417,4.39359665912654
Italy,ITA,Merchandise trade (% of GDP),TG.VAL.TOTL.GD.ZS,50.14461239253,64.3302239684751
Italy,ITA,GDP (current US$),NY.GDP.MKTP.CD,2019606796583.53,2102995942720.44
Italy,ITA,"Unemployment, total (% of total labor force) (national estimate)",SL.UEM.TOTL.NE.ZS,9.952,8.069
Italy,ITA,"Inflation, consumer prices (annual %)",FP.CPI.TOTL.ZG,0.611246943765304,8.20128991161718
Jamaica,JAM,Merchandise trade (% of GDP),TG.VAL.TOTL.GD.ZS,50.7871805454268,56.3348625327562
Jamaica,JAM,GDP (current US$),NY.GDP.MKTP.CD,15830766570.7266,17097760723.9201
Jamaica,JAM,"Unemployment, total (% of total labor force) (national estimate)",SL.UEM.TOTL.NE.ZS,4.987,4.083
Jamaica,JAM,"Inflation, consumer prices (annual %)",FP.CPI.TOTL.ZG,3.90510000865872,10.3495688391272
Japan,JPN,Merchandise trade (% of GDP),TG.VAL.TOTL.GD.ZS,27.8726595023013,38.6243267489639
Japan,JPN,GDP (current US$),NY.GDP.MKTP.CD,5117993853016.51,4256410760723.75
Japan,JPN,"Unemployment, total (% of total labor force) (national estimate)",SL.UEM.TOTL.NE.ZS,2.351,2.615
Japan,JPN,"Inflation, consumer prices (annual %)",FP.CPI.TOTL.ZG,0.46877615938395,2.49770278172255
Jordan,JOR,Merchandise trade (% of GDP),TG.VAL.TOTL.GD.ZS,61.7643666390065,82.3213988431547
Jordan,JOR,GDP (current US$),NY.GDP.MKTP.CD,44503006338.0282,48764963380.2817
Jordan,JOR,"Unemployment, total (% of total labor force) (national estimate)",SL.UEM.TOTL.NE.ZS,16.801,18.2
Jordan,JOR,"Inflation, consumer prices (annual %)",FP.CPI.TOTL.ZG,0.761514047265601,4.22915568897117
Kazakhstan,KAZ,Merchandise trade (% of GDP),TG.VAL.TOTL.GD.ZS,52.3297589909479,60.1016436257724
Kazakhstan,KAZ,GDP (current US$),NY.GDP.MKTP.CD,181667184854.501,225496328925.494
Kazakhstan,KAZ,"Unemployment, total (% of total labor force) (national estimate)",SL.UEM.TOTL.NE.ZS,4.8,4.86
Kazakhstan,KAZ,"Inflation, consumer prices (annual %)",FP.CPI.TOTL.ZG,5.33356098916669,15.0278644440851
Kenya,KEN,Merchandise trade (% of GDP),TG.VAL.TOTL.GD.ZS,23.405425395813,24.9692050215491
Kenya,KEN,GDP (current US$),NY.GDP.MKTP.CD,100378436207.371,114448978152.637
Kenya,KEN,"Unemployment, total (% of total labor force) (national estimate)",SL.UEM.TOTL.NE.ZS,5.014,..
Kenya,KEN,"Inflation, consumer prices (annual %)",FP.CPI.TOTL.ZG,5.23963795764792,7.65986268272224
Kiribati,KIR,Merchandise trade (% of GDP),TG.VAL.TOTL.GD.ZS,66.3639235606947,77.9052861026814
Kiribati,KIR,GDP (current US$),NY.GDP.MKTP.CD,216985362.338171,270841698.369345
Kiribati,KIR,"Unemployment, total (% of total labor force) (national estimate)",SL.UEM.TOTL.NE.ZS,8.557,..
Kiribati,KIR,"Inflation, consumer prices (annual %)",FP.CPI.TOTL.ZG,-1.81307995302947,5.34595440908904
"Korea, Dem. People's Rep.",PRK,Merchandise trade (% of GDP),TG.VAL.TOTL.GD.ZS,..,..
"Korea, Dem. People's Rep.",PRK,GDP (current US$),NY.GDP.MKTP.CD,..,..
"Korea, Dem. People's Rep.",PRK,"Unemployment, total (% of total labor force) (national estimate)",SL.UEM.TOTL.NE.ZS,..,..
"Korea, Dem. People's Rep.",PRK,"Inflation, consumer prices (annual %)",FP.CPI.TOTL.ZG,..,..
"Korea, Rep.",KOR,Merchandise trade (% of GDP),TG.VAL.TOTL.GD.ZS,63.3136417967885,84.5296040767716
"Korea, Rep.",KOR,GDP (current US$),NY.GDP.MKTP.CD,1651422932447.77,1673916511799.71
"Korea, Rep.",KOR,"Unemployment, total (% of total labor force) (national estimate)",SL.UEM.TOTL.NE.ZS,3.746,2.857
"Korea, Rep.",KOR,"Inflation, consumer prices (annual %)",FP.CPI.TOTL.ZG,0.383000303608136,5.08951365062842
Kosovo,XKX,Merchandise trade (% of GDP),TG.VAL.TOTL.GD.ZS,..,..
Kosovo,XKX,GDP (current US$),NY.GDP.MKTP.CD,7899737577.47286,9354903061.8898
Kosovo,XKX,"Unemployment, total (% of total labor force) (national estimate)",SL.UEM.TOTL.NE.ZS,25.069,12.093
Kosovo,XKX,"Inflation, consumer prices (annual %)",FP.CPI.TOTL.ZG,2.67599202639893,11.5805104542012
Kuwait,KWT,Merchandise trade (% of GDP),TG.VAL.TOTL.GD.ZS,69.6148727152113,73.1503983249813
Kuwait,KWT,GDP (current US$),NY.GDP.MKTP.CD,140856394870.02,183940215065.171
Kuwait,KWT,"Unemployment, total (% of total labor force) (national estimate)",SL.UEM.TOTL.NE.ZS,..,..
Kuwait,KWT,"Inflation, consumer prices (annual %)",FP.CPI.TOTL.ZG,1.09184802655856,3.98064961990313
Kyrgyz Republic,KGZ,Merchandise trade (% of GDP),TG.VAL.TOTL.GD.ZS,74.4295712507905,99.3660366273797
Kyrgyz Republic,KGZ,GDP (current US$),NY.GDP.MKTP.CD,9371275264.36735,12134931017.9465
Kyrgyz Republic,KGZ,"Unemployment, total (% of total labor force) (national estimate)",SL.UEM.TOTL.NE.ZS,5.45,4.767
Kyrgyz Republic,KGZ,"Inflation, consumer prices (annual %)",FP.CPI.TOTL.ZG,1.13362257718804,13.9229093174176
Lao PDR,LAO,Merchandise trade (% of GDP),TG.VAL.TOTL.GD.ZS,64.4484424434571,99.8268435213214
Lao PDR,LAO,GDP (current US$),NY.GDP.MKTP.CD,18740561512.5555,15468785203.7532
Lao PDR,LAO,"Unemployment, total (% of total labor force) (national estimate)",SL.UEM.TOTL.NE.ZS,..,1.209
Lao PDR,LAO,"Inflation, consumer prices (annual %)",FP.CPI.TOTL.ZG,3.32255881256925,22.9562225132056
Latvia,LVA,Merchandise trade (% of GDP),TG.VAL.TOTL.GD.ZS,104.72664500192,140.985120157818
Latvia,LVA,GDP (current US$),NY.GDP.MKTP.CD,33099503950.847,38018905782.397
Latvia,LVA,"Unemployment, total (% of total labor force) (national estimate)",SL.UEM.TOTL.NE.ZS,6.312,6.815
Latvia,LVA,"Inflation, consumer prices (annual %)",FP.CPI.TOTL.ZG,2.81140920075615,17.3102830198815
Lebanon,LBN,Merchandise trade (% of GDP),TG.VAL.TOTL.GD.ZS,47.4170045706422,114.231697793029
Lebanon,LBN,GDP (current US$),NY.GDP.MKTP.CD,51605959131.2741,20992421948.8081
Lebanon,LBN,"Unemployment, total (% of total labor force) (national estimate)",SL.UEM.TOTL.NE.ZS,11.301,..
Lebanon,LBN,"Inflation, consumer prices (annual %)",FP.CPI.TOTL.ZG,3.00538949390383,171.205491336641
Lesotho,LSO,Merchandise trade (% of GDP),TG.VAL.TOTL.GD.ZS,110.971575366368,116.788539959955
Lesotho,LSO,GDP (current US$),NY.GDP.MKTP.CD,2390702295.82777,2354683088.71995
Lesotho,LSO,"Unemployment, total (% of total labor force) (national estimate)",SL.UEM.TOTL.NE.ZS,16.876,..
Lesotho,LSO,"Inflation, consumer prices (annual %)",FP.CPI.TOTL.ZG,5.18708359197982,8.27180389943028
Liberia,LBR,Merchandise trade (% of GDP),TG.VAL.TOTL.GD.ZS,47.475649525477,63.8582850938767
Liberia,LBR,GDP (current US$),NY.GDP.MKTP.CD,3319596500,4001047000
Liberia,LBR,"Unemployment, total (% of total labor force) (national estimate)",SL.UEM.TOTL.NE.ZS,..,..
Liberia,LBR,"Inflation, consumer prices (annual %)",FP.CPI.TOTL.ZG,26.9662760197878,7.59298486560313
Libya,LBY,Merchandise trade (% of GDP),TG.VAL.TOTL.GD.ZS,64.0463829206081,125.656998659633
Libya,LBY,GDP (current US$),NY.GDP.MKTP.CD,69254496471.6938,43246297921.8499
Libya,LBY,"Unemployment, total (% of total labor force) (national estimate)",SL.UEM.TOTL.NE.ZS,..,..
Libya,LBY,"Inflation, consumer prices (annual %)",FP.CPI.TOTL.ZG,-2.16217883470595,4.51030149235703
Liechtenstein,LIE,Merchandise trade (% of GDP),TG.VAL.TOTL.GD.ZS,..,..
Liechtenstein,LIE,GDP (current US$),NY.GDP.MKTP.CD,6436467007.11932,7361504432.19331
Liechtenstein,LIE,"Unemployment, total (% of total labor force) (national estimate)",SL.UEM.TOTL.NE.ZS,..,..
Liechtenstein,LIE,"Inflation, consumer prices (annual %)",FP.CPI.TOTL.ZG,..,..
Lithuania,LTU,Merchandise trade (% of GDP),TG.VAL.TOTL.GD.ZS,125.013455986437,143.00217525104
Lithuania,LTU,GDP (current US$),NY.GDP.MKTP.CD,55122066225.796,71033884499.7824
Lithuania,LTU,"Unemployment, total (% of total labor force) (national estimate)",SL.UEM.TOTL.NE.ZS,6.255,5.956
Lithuania,LTU,"Inflation, consumer prices (annual %)",FP.CPI.TOTL.ZG,2.33450937988027,19.7050461518394
Luxembourg,LUX,Merchandise trade (% of GDP),TG.VAL.TOTL.GD.ZS,58.2554093885782,54.3802264557891
Luxembourg,LUX,GDP (current US$),NY.GDP.MKTP.CD,69890505323.5842,81641807865.7591
Luxembourg,LUX,"Unemployment, total (% of total labor force) (national estimate)",SL.UEM.TOTL.NE.ZS,5.592,4.588
Luxembourg,LUX,"Inflation, consumer prices (annual %)",FP.CPI.TOTL.ZG,1.74332075653848,6.33600807777919
"Macao SAR, China",MAC,Merchandise trade (% of GDP),TG.VAL.TOTL.GD.ZS,23.1526305641787,76.0626972567614
"Macao SAR, China",MAC,GDP (current US$),NY.GDP.MKTP.CD,55082293844.1008,24999113475.8368
"Macao SAR, China",MAC,"Unemployment, total (% of total labor force) (national estimate)",SL.UEM.TOTL.NE.ZS,1.73,..
"Macao SAR, China",MAC,"Inflation, consumer prices (annual %)",FP.CPI.TOTL.ZG,2.75193081051982,1.04502802369954
Madagascar,MDG,Merchandise trade (% of GDP),TG.VAL.TOTL.GD.ZS,47.062444597605,60.6487071223941
Madagascar,MDG,GDP (current US$),NY.GDP.MKTP.CD,14104664678.5063,15134700203.0497
Madagascar,MDG,"Unemployment, total (% of total labor force) (national estimate)",SL.UEM.TOTL.NE.ZS,..,3.186
Madagascar,MDG,"Inflation, consumer prices (annual %)",FP.CPI.TOTL.ZG,5.61051441492365,8.16059031991844
Malawi,MWI,Merchandise trade (% of GDP),TG.VAL.TOTL.GD.ZS,34.3019010919282,20.0015123416359
Malawi,MWI,GDP (current US$),NY.GDP.MKTP.CD,11051865579.8121,12429060150.742
Malawi,MWI,"Unemployment, total (% of total labor force) (national estimate)",SL.UEM.TOTL.NE.ZS,..,..
Malawi,MWI,"Inflation, consumer prices (annual %)",FP.CPI.TOTL.ZG,9.3708360560567,20.953969729969
Malaysia,MYS,Merchandise trade (% of GDP),TG.VAL.TOTL.GD.ZS,121.363646927926,158.459701623409
Malaysia,MYS,GDP (current US$),NY.GDP.MKTP.CD,365177721021.516,407605841348.235
Malaysia,MYS,"Unemployment, total (% of total labor force) (national estimate)",SL.UEM.TOTL.NE.ZS,3.26,3.93
Malaysia,MYS,"Inflation, consumer prices (annual %)",FP.CPI.TOTL.ZG,0.662891865764326,3.37869862549928
Maldives,MDV,Merchandise trade (% of GDP),TG.VAL.TOTL.GD.ZS,56.740241191142,63.3952585617339
Maldives,MDV,GDP (current US$),NY.GDP.MKTP.CD,5726094799.37709,6177118113.94637
Maldives,MDV,"Unemployment, total (% of total labor force) (national estimate)",SL.UEM.TOTL.NE.ZS,4.562,..
Maldives,MDV,"Inflation, consumer prices (annual %)",FP.CPI.TOTL.ZG,0.220029731065383,2.33314337624567
Mali,MLI,Merchandise trade (% of GDP),TG.VAL.TOTL.GD.ZS,50.9772693512405,66.6495487361502
Mali,MLI,GDP (current US$),NY.GDP.MKTP.CD,17280250810.0321,18780322203.7584
Mali,MLI,"Unemployment, total (% of total labor force) (national estimate)",SL.UEM.TOTL.NE.ZS,3.29,2.387
Mali,MLI,"Inflation, consumer prices (annual %)",FP.CPI.TOTL.ZG,-1.65826694846365,9.62147608489072
Malta,MLT,Merchandise trade (% of GDP),TG.VAL.TOTL.GD.ZS,64.6721356840179,61.2806469094596
Malta,MLT,GDP (current US$),NY.GDP.MKTP.CD,16337793530.7788,19209979975.2323
Malta,MLT,"Unemployment, total (% of total labor force) (national estimate)",SL.UEM.TOTL.NE.ZS,3.627,2.929
Malta,MLT,"Inflation, consumer prices (annual %)",FP.CPI.TOTL.ZG,1.6420600176894,6.15375621933037
Marshall Islands,MHL,Merchandise trade (% of GDP),TG.VAL.TOTL.GD.ZS,52.8123658222413,74.9802683504341
Marshall Islands,MHL,GDP (current US$),NY.GDP.MKTP.CD,232900000,253400000
Marshall Islands,MHL,"Unemployment, total (% of total labor force) (national estimate)",SL.UEM.TOTL.NE.ZS,6.342,..
Marshall Islands,MHL,"Inflation, consumer prices (annual %)",FP.CPI.TOTL.ZG,..,..
Mauritania,MRT,Merchandise trade (% of GDP),TG.VAL.TOTL.GD.ZS,73.2890729955759,93.0951140646444
Mauritania,MRT,GDP (current US$),NY.GDP.MKTP.CD,7894764885.82312,9557966698.25369
Mauritania,MRT,"Unemployment, total (% of total labor force) (national estimate)",SL.UEM.TOTL.NE.ZS,10.416,..
Mauritania,MRT,"Inflation, consumer prices (annual %)",FP.CPI.TOTL.ZG,2.30009262117937,9.52526628622843
Mauritius,MUS,Merchandise trade (% of GDP),TG.VAL.TOTL.GD.ZS,54.1619012831278,69.593242694251
Mauritius,MUS,GDP (current US$),NY.GDP.MKTP.CD,14436346979.6355,12927979286.0453
Mauritius,MUS,"Unemployment, total (% of total labor force) (national estimate)",SL.UEM.TOTL.NE.ZS,6.331,6.322
Mauritius,MUS,"Inflation, consumer prices (annual %)",FP.CPI.TOTL.ZG,0.405655190309553,10.7737512242899
Mexico,MEX,Merchandise trade (% of GDP),TG.VAL.TOTL.GD.ZS,71.1385313076166,82.2243777784152
Mexico,MEX,GDP (current US$),NY.GDP.MKTP.CD,1304106203694.81,1464312692331.58
Mexico,MEX,"Unemployment, total (% of total labor force) (national estimate)",SL.UEM.TOTL.NE.ZS,3.477,3.256
Mexico,MEX,"Inflation, consumer prices (annual %)",FP.CPI.TOTL.ZG,3.63596142127046,7.8962761916855
"Micronesia, Fed. Sts.",FSM,Merchandise trade (% of GDP),TG.VAL.TOTL.GD.ZS,64.9746192893401,90.4651162790698
"Micronesia, Fed. Sts.",FSM,GDP (current US$),NY.GDP.MKTP.CD,394000000,430000000
"Micronesia, Fed. Sts.",FSM,"Unemployment, total (% of total labor force) (national estimate)",SL.UEM.TOTL.NE.ZS,..,..
"Micronesia, Fed. Sts.",FSM,"Inflation, consumer prices (annual %)",FP.CPI.TOTL.ZG,1.92385170787923,5.40874375479067
Moldova,MDA,Merchandise trade (% of GDP),TG.VAL.TOTL.GD.ZS,73.4612685200167,93.3876070581133
Moldova,MDA,GDP (current US$),NY.GDP.MKTP.CD,11736797054.6965,14510490660.2516
Moldova,MDA,"Unemployment, total (% of total labor force) (national estimate)",SL.UEM.TOTL.NE.ZS,1.502,0.909
Moldova,MDA,"Inflation, consumer prices (annual %)",FP.CPI.TOTL.ZG,4.83778351428722,28.7372976766236
Monaco,MCO,Merchandise trade (% of GDP),TG.VAL.TOTL.GD.ZS,..,..
Monaco,MCO,GDP (current US$),NY.GDP.MKTP.CD,7383496254.23721,8800430486.17137
Monaco,MCO,"Unemployment, total (% of total labor force) (national estimate)",SL.UEM.TOTL.NE.ZS,..,..
Monaco,MCO,"Inflation, consumer prices (annual %)",FP.CPI.TOTL.ZG,..,..
Mongolia,MNG,Merchandise trade (% of GDP),TG.VAL.TOTL.GD.ZS,96.7735644513191,123.891377506939
Mongolia,MNG,GDP (current US$),NY.GDP.MKTP.CD,14206359017.5143,17146471713.748
Mongolia,MNG,"Unemployment, total (% of total labor force) (national estimate)",SL.UEM.TOTL.NE.ZS,9.024,5.954
Mongolia,MNG,"Inflation, consumer prices (annual %)",FP.CPI.TOTL.ZG,7.30106953550723,15.1479560897226
Montenegro,MNE,Merchandise trade (% of GDP),TG.VAL.TOTL.GD.ZS,60.8799533481716,71.3666389264854
Montenegro,MNE,GDP (current US$),NY.GDP.MKTP.CD,5542054181.12616,6229801580.79157
Montenegro,MNE,"Unemployment, total (% of total labor force) (national estimate)",SL.UEM.TOTL.NE.ZS,15.128,14.852
Montenegro,MNE,"Inflation, consumer prices (annual %)",FP.CPI.TOTL.ZG,0.361563704540767,13.0403036347004
Morocco,MAR,Merchandise trade (% of GDP),TG.VAL.TOTL.GD.ZS,61.9499185227724,86.511136687014
Morocco,MAR,GDP (current US$),NY.GDP.MKTP.CD,128920266409.458,130951926351.241
Morocco,MAR,"Unemployment, total (% of total labor force) (national estimate)",SL.UEM.TOTL.NE.ZS,..,11.79
Morocco,MAR,"Inflation, consumer prices (annual %)",FP.CPI.TOTL.ZG,0.303386036590383,6.65704202759067
Mozambique,MOZ,Merchandise trade (% of GDP),TG.VAL.TOTL.GD.ZS,80.4885833811664,121.640401586055
Mozambique,MOZ,GDP (current US$),NY.GDP.MKTP.CD,15512759046.672,18883528581.3734
Mozambique,MOZ,"Unemployment, total (% of total labor force) (national estimate)",SL.UEM.TOTL.NE.ZS,..,6.789
Mozambique,MOZ,"Inflation, consumer prices (annual %)",FP.CPI.TOTL.ZG,2.80270307928111,10.2794018093421
Myanmar,MMR,Merchandise trade (% of GDP),TG.VAL.TOTL.GD.ZS,48.7376916366834,55.3996953724008
Myanmar,MMR,GDP (current US$),NY.GDP.MKTP.CD,75065106227.6892,62253049891.6449
Myanmar,MMR,"Unemployment, total (% of total labor force) (national estimate)",SL.UEM.TOTL.NE.ZS,0.407,..
Myanmar,MMR,"Inflation, consumer prices (annual %)",FP.CPI.TOTL.ZG,8.82506696804558,..
Namibia,NAM,Merchandise trade (% of GDP),TG.VAL.TOTL.GD.ZS,87.2274161937643,108.408579674383
Namibia,NAM,GDP (current US$),NY.GDP.MKTP.CD,12541928303.48,12567271004.6761
Namibia,NAM,"Unemployment, total (% of total labor force) (national estimate)",SL.UEM.TOTL.NE.ZS,..,..
Namibia,NAM,"Inflation, consumer prices (annual %)",FP.CPI.TOTL.ZG,3.72239414422695,6.08128114112413
Nauru,NRU,Merchandise trade (% of GDP),TG.VAL.TOTL.GD.ZS,94.4974371556808,80.993303247275
Nauru,NRU,GDP (current US$),NY.GDP.MKTP.CD,124871111.377973,156803087.302496
Nauru,NRU,"Unemployment, total (% of total labor force) (national estimate)",SL.UEM.TOTL.NE.ZS,..,..
Nauru,NRU,"Inflation, consumer prices (annual %)",FP.CPI.TOTL.ZG,..,..
Nepal,NPL,Merchandise trade (% of GDP),TG.VAL.TOTL.GD.ZS,38.9280104647062,36.4981231202725
Nepal,NPL,GDP (current US$),NY.GDP.MKTP.CD,34186180699.0255,41182939600.67
Nepal,NPL,"Unemployment, total (% of total labor force) (national estimate)",SL.UEM.TOTL.NE.ZS,..,..
Nepal,NPL,"Inflation, consumer prices (annual %)",FP.CPI.TOTL.ZG,5.56868547784929,7.6507917679853
Netherlands,NLD,Merchandise trade (% of GDP),TG.VAL.TOTL.GD.ZS,144.716293512879,177.943277926864
Netherlands,NLD,GDP (current US$),NY.GDP.MKTP.CD,928903005576.469,1046540797548.64
Netherlands,NLD,"Unemployment, total (% of total labor force) (national estimate)",SL.UEM.TOTL.NE.ZS,3.379,3.526
Netherlands,NLD,"Inflation, consumer prices (annual %)",FP.CPI.TOTL.ZG,2.63369910249601,10.0012078753473
New Caledonia,NCL,Merchandise trade (% of GDP),TG.VAL.TOTL.GD.ZS,49.009802920396,61.7458506148352
New Caledonia,NCL,GDP (current US$),NY.GDP.MKTP.CD,9475655324.59495,9623318718.31459
New Caledonia,NCL,"Unemployment, total (% of total labor force) (national estimate)",SL.UEM.TOTL.NE.ZS,10.881,10.71
New Caledonia,NCL,"Inflation, consumer prices (annual %)",FP.CPI.TOTL.ZG,..,..
New Zealand,NZL,Merchandise trade (% of GDP),TG.VAL.TOTL.GD.ZS,38.4689638628801,40.2543597871224
New Zealand,NZL,GDP (current US$),NY.GDP.MKTP.CD,212846907683.439,246733522841.353
New Zealand,NZL,"Unemployment, total (% of total labor force) (national estimate)",SL.UEM.TOTL.NE.ZS,4.109,3.297
New Zealand,NZL,"Inflation, consumer prices (annual %)",FP.CPI.TOTL.ZG,1.61963190184048,7.17222476016441
Nicaragua,NIC,Merchandise trade (% of GDP),TG.VAL.TOTL.GD.ZS,95.353747953545,118.895350308155
Nicaragua,NIC,GDP (current US$),NY.GDP.MKTP.CD,12699028889.666,15649897116.8965
Nicaragua,NIC,"Unemployment, total (% of total labor force) (national estimate)",SL.UEM.TOTL.NE.ZS,..,..
Nicaragua,NIC,"Inflation, consumer prices (annual %)",FP.CPI.TOTL.ZG,5.37628990844126,10.4674244465991
Niger,NER,Merchandise trade (% of GDP),TG.VAL.TOTL.GD.ZS,31.4750961018619,30.5367693203726
Niger,NER,GDP (current US$),NY.GDP.MKTP.CD,12889555561.2299,15433852712.2963
Niger,NER,"Unemployment, total (% of total labor force) (national estimate)",SL.UEM.TOTL.NE.ZS,0.532,0.403
Niger,NER,"Inflation, consumer prices (annual %)",FP.CPI.TOTL.ZG,-2.48979265070855,4.22621791916392
Nigeria,NGA,Merchandise trade (% of GDP),TG.VAL.TOTL.GD.ZS,24.8226887886434,25.8536072373684
Nigeria,NGA,GDP (current US$),NY.GDP.MKTP.CD,474517490844.461,477403400101.174
Nigeria,NGA,"Unemployment, total (% of total labor force) (national estimate)",SL.UEM.TOTL.NE.ZS,10.695,3.827
Nigeria,NGA,"Inflation, consumer prices (annual %)",FP.CPI.TOTL.ZG,11.3964223378115,18.8471877843274
North Macedonia,MKD,Merchandise trade (% of GDP),TG.VAL.TOTL.GD.ZS,132.15574108214,154.186957340666
North Macedonia,MKD,GDP (current US$),NY.GDP.MKTP.CD,12606338448.547,13932436550.0883
North Macedonia,MKD,"Unemployment, total (% of total labor force) (national estimate)",SL.UEM.TOTL.NE.ZS,17.414,14.477
North Macedonia,MKD,"Inflation, consumer prices (annual %)",FP.CPI.TOTL.ZG,0.766439573459716,14.2047173195833
Northern Mariana Islands,MNP,Merchandise trade (% of GDP),TG.VAL.TOTL.GD.ZS,50.6361323155216,50.5474452554745
Northern Mariana Islands,MNP,GDP (current US$),NY.GDP.MKTP.CD,1179000000,1096000000
Northern Mariana Islands,MNP,"Unemployment, total (% of total labor force) (national estimate)",SL.UEM.TOTL.NE.ZS,..,..
Northern Mariana Islands,MNP,"Inflation, consumer prices (annual %)",FP.CPI.TOTL.ZG,..,..
Norway,NOR,Merchandise trade (% of GDP),TG.VAL.TOTL.GD.ZS,46.0235583775863,60.0024962232628
Norway,NOR,GDP (current US$),NY.GDP.MKTP.CD,408742840909.091,593726965415.619
Norway,NOR,"Unemployment, total (% of total labor force) (national estimate)",SL.UEM.TOTL.NE.ZS,3.684,3.231
Norway,NOR,"Inflation, consumer prices (annual %)",FP.CPI.TOTL.ZG,2.16773003305402,5.76412317852272
Oman,OMN,Merchandise trade (% of GDP),TG.VAL.TOTL.GD.ZS,70.668173387597,93.4718835380927
Oman,OMN,GDP (current US$),NY.GDP.MKTP.CD,88060858257.4772,111943823146.944
Oman,OMN,"Unemployment, total (% of total labor force) (national estimate)",SL.UEM.TOTL.NE.ZS,..,3.3
Oman,OMN,"Inflation, consumer prices (annual %)",FP.CPI.TOTL.ZG,0.490815362820671,2.5061425061425
Pakistan,PAK,Merchandise trade (% of GDP),TG.VAL.TOTL.GD.ZS,22.9538253776137,27.1231347344353
Pakistan,PAK,GDP (current US$),NY.GDP.MKTP.CD,320909472770.669,374890295666.694
Pakistan,PAK,"Unemployment, total (% of total labor force) (national estimate)",SL.UEM.TOTL.NE.ZS,4.83,..
Pakistan,PAK,"Inflation, consumer prices (annual %)",FP.CPI.TOTL.ZG,10.5783618004555,19.8738599646655
Palau,PLW,Merchandise trade (% of GDP),TG.VAL.TOTL.GD.ZS,69.8726353976278,83.3362473306358
Palau,PLW,GDP (current US$),NY.GDP.MKTP.CD,281941562.5,255591062.5
Palau,PLW,"Unemployment, total (% of total labor force) (national estimate)",SL.UEM.TOTL.NE.ZS,..,..
Palau,PLW,"Inflation, consumer prices (annual %)",FP.CPI.TOTL.ZG,0.26737967914444,12.3526638378124
Panama,PAN,Merchandise trade (% of GDP),TG.VAL.TOTL.GD.ZS,47.0198829701625,58.3760709464644
Panama,PAN,GDP (current US$),NY.GDP.MKTP.CD,69778991200,76276116700
Panama,PAN,"Unemployment, total (% of total labor force) (national estimate)",SL.UEM.TOTL.NE.ZS,6.409,8.281
Panama,PAN,"Inflation, consumer prices (annual %)",FP.CPI.TOTL.ZG,-0.355083821021245,2.85965128834711
Papua New Guinea,PNG,Merchandise trade (% of GDP),TG.VAL.TOTL.GD.ZS,60.8994696751504,64.7543847234515
Papua New Guinea,PNG,GDP (current US$),NY.GDP.MKTP.CD,24750626040.5917,31647277767.3976
Papua New Guinea,PNG,"Unemployment, total (% of total labor force) (national estimate)",SL.UEM.TOTL.NE.ZS,..,2.689
Papua New Guinea,PNG,"Inflation, consumer prices (annual %)",FP.CPI.TOTL.ZG,3.92867290939597,5.25323922215241
Paraguay,PRY,Merchandise trade (% of GDP),TG.VAL.TOTL.GD.ZS,54.0852129570442,61.5213568548516
Paraguay,PRY,GDP (current US$),NY.GDP.MKTP.CD,37925338329.1494,41952910858.0846
Paraguay,PRY,"Unemployment, total (% of total labor force) (national estimate)",SL.UEM.TOTL.NE.ZS,6.595,6.755
Paraguay,PRY,"Inflation, consumer prices (annual %)",FP.CPI.TOTL.ZG,2.75709727562775,9.76556667164402
Peru,PER,Merchandise trade (% of GDP),TG.VAL.TOTL.GD.ZS,38.856821519612,50.2619272327412
Peru,PER,GDP (current US$),NY.GDP.MKTP.CD,228346006003.648,246488757636.211
Peru,PER,"Unemployment, total (% of total labor force) (national estimate)",SL.UEM.TOTL.NE.ZS,3.379,4.291
Peru,PER,"Inflation, consumer prices (annual %)",FP.CPI.TOTL.ZG,2.25212191358027,8.33370630096231
Philippines,PHL,Merchandise trade (% of GDP),TG.VAL.TOTL.GD.ZS,48.6283492236227,55.5941948053511
Philippines,PHL,GDP (current US$),NY.GDP.MKTP.CD,376823402244.928,404353369604.631
Philippines,PHL,"Unemployment, total (% of total labor force) (national estimate)",SL.UEM.TOTL.NE.ZS,2.237,2.598
Philippines,PHL,"Inflation, consumer prices (annual %)",FP.CPI.TOTL.ZG,2.39206534422404,5.82115811213955
Poland,POL,Merchandise trade (% of GDP),TG.VAL.TOTL.GD.ZS,88.25142244533,106.630395885008
Poland,POL,GDP (current US$),NY.GDP.MKTP.CD,602683770144.88,695607470875.276
Poland,POL,"Unemployment, total (% of total labor force) (national estimate)",SL.UEM.TOTL.NE.ZS,3.267,2.811
Poland,POL,"Inflation, consumer prices (annual %)",FP.CPI.TOTL.ZG,2.227478809383,14.4294507575758
Portugal,PRT,Merchandise trade (% of GDP),TG.VAL.TOTL.GD.ZS,65.2189023324436,76.895297317901
Portugal,PRT,GDP (current US$),NY.GDP.MKTP.CD,240115970063.019,256898675068.927
Portugal,PRT,"Unemployment, total (% of total labor force) (national estimate)",SL.UEM.TOTL.NE.ZS,6.464,6.011
Portugal,PRT,"Inflation, consumer prices (annual %)",FP.CPI.TOTL.ZG,0.338178410046034,7.83269124233323
Puerto Rico,PRI,Merchandise trade (% of GDP),TG.VAL.TOTL.GD.ZS,..,..
Puerto Rico,PRI,GDP (current US$),NY.GDP.MKTP.CD,105126400000,113567200000
Puerto Rico,PRI,"Unemployment, total (% of total labor force) (national estimate)",SL.UEM.TOTL.NE.ZS,8.3,6
Puerto Rico,PRI,"Inflation, consumer prices (annual %)",FP.CPI.TOTL.ZG,..,..
Qatar,QAT,Merchandise trade (% of GDP),TG.VAL.TOTL.GD.ZS,57.8966185013827,69.7651649996557
Qatar,QAT,GDP (current US$),NY.GDP.MKTP.CD,176371267689.082,235709325708.341
Qatar,QAT,"Unemployment, total (% of total labor force) (national estimate)",SL.UEM.TOTL.NE.ZS,0.1,0.13
Qatar,QAT,"Inflation, consumer prices (annual %)",FP.CPI.TOTL.ZG,-0.666641124861147,4.99527553740761
Romania,ROU,Merchandise trade (% of GDP),TG.VAL.TOTL.GD.ZS,68.9037707580036,77.3287092248732
Romania,ROU,GDP (current US$),NY.GDP.MKTP.CD,251677082534.495,296354358293.475
Romania,ROU,"Unemployment, total (% of total labor force) (national estimate)",SL.UEM.TOTL.NE.ZS,3.912,5.614
Romania,ROU,"Inflation, consumer prices (annual %)",FP.CPI.TOTL.ZG,3.82785432599438,13.7954887432521
Russian Federation,RUS,Merchandise trade (% of GDP),TG.VAL.TOTL.GD.ZS,39.7844800218834,38.330749860608
Russian Federation,RUS,GDP (current US$),NY.GDP.MKTP.CD,1693115002708.32,2266029240645.34
Russian Federation,RUS,"Unemployment, total (% of total labor force) (national estimate)",SL.UEM.TOTL.NE.ZS,4.513,3.867
Russian Federation,RUS,"Inflation, consumer prices (annual %)",FP.CPI.TOTL.ZG,4.47036660760173,..
Rwanda,RWA,Merchandise trade (% of GDP),TG.VAL.TOTL.GD.ZS,37.6837066920231,42.6549366951076
Rwanda,RWA,GDP (current US$),NY.GDP.MKTP.CD,10349300380.33,13316160895.0447
Rwanda,RWA,"Unemployment, total (% of total labor force) (national estimate)",SL.UEM.TOTL.NE.ZS,11.236,15.084
Rwanda,RWA,"Inflation, consumer prices (annual %)",FP.CPI.TOTL.ZG,3.34787655037648,17.6892095588153
Samoa,WSM,Merchandise trade (% of GDP),TG.VAL.TOTL.GD.ZS,48.1953858785498,57.8669517199851
Samoa,WSM,GDP (current US$),NY.GDP.MKTP.CD,912950466.064906,832945205.637185
Samoa,WSM,"Unemployment, total (% of total labor force) (national estimate)",SL.UEM.TOTL.NE.ZS,..,5.048
Samoa,WSM,"Inflation, consumer prices (annual %)",FP.CPI.TOTL.ZG,0.982326569888117,10.9618822286844
San Marino,SMR,Merchandise trade (% of GDP),TG.VAL.TOTL.GD.ZS,..,..
San Marino,SMR,GDP (current US$),NY.GDP.MKTP.CD,1616232125.12587,1831700577.08904
San Marino,SMR,"Unemployment, total (% of total labor force) (national estimate)",SL.UEM.TOTL.NE.ZS,7.54,4.91
San Marino,SMR,"Inflation, consumer prices (annual %)",FP.CPI.TOTL.ZG,0.472651967352852,5.32545321311365
Sao Tome and Principe,STP,Merchandise trade (% of GDP),TG.VAL.TOTL.GD.ZS,38.985308538526,40.3099428406441
Sao Tome and Principe,STP,GDP (current US$),NY.GDP.MKTP.CD,412976082.620705,540809499.189348
Sao Tome and Principe,STP,"Unemployment, total (% of total labor force) (national estimate)",SL.UEM.TOTL.NE.ZS,..,..
Sao Tome and Principe,STP,"Inflation, consumer prices (annual %)",FP.CPI.TOTL.ZG,7.72024525213248,18.0056351122841
Saudi Arabia,SAU,Merchandise trade (% of GDP),TG.VAL.TOTL.GD.ZS,49.461413119177,54.2194182398825
Saudi Arabia,SAU,GDP (current US$),NY.GDP.MKTP.CD,838564800000,1108571466666.67
Saudi Arabia,SAU,"Unemployment, total (% of total labor force) (national estimate)",SL.UEM.TOTL.NE.ZS,5.636,5.589
Saudi Arabia,SAU,"Inflation, consumer prices (annual %)",FP.CPI.TOTL.ZG,-2.09333333333329,2.4740737192537
Senegal,SEN,Merchandise trade (% of GDP),TG.VAL.TOTL.GD.ZS,52.6534015992011,64.3567532958713
Senegal,SEN,GDP (current US$),NY.GDP.MKTP.CD,23403995992.1354,27619479059.6131
Senegal,SEN,"Unemployment, total (% of total labor force) (national estimate)",SL.UEM.TOTL.NE.ZS,2.863,2.837
Senegal,SEN,"Inflation, consumer prices (annual %)",FP.CPI.TOTL.ZG,1.76011151192938,9.69681899081073
Serbia,SRB,Merchandise trade (% of GDP),TG.VAL.TOTL.GD.ZS,86.0675088745656,105.102633986721
Serbia,SRB,GDP (current US$),NY.GDP.MKTP.CD,53864693664.5568,66797564758.339
Serbia,SRB,"Unemployment, total (% of total labor force) (national estimate)",SL.UEM.TOTL.NE.ZS,10.395,8.439
Serbia,SRB,"Inflation, consumer prices (annual %)",FP.CPI.TOTL.ZG,1.84922984511086,11.9815117344703
Seychelles,SYC,Merchandise trade (% of GDP),TG.VAL.TOTL.GD.ZS,90.1701145066519,92.3726471849139
Seychelles,SYC,GDP (current US$),NY.GDP.MKTP.CD,1868690096.73454,2057968519.83091
Seychelles,SYC,"Unemployment, total (% of total labor force) (national estimate)",SL.UEM.TOTL.NE.ZS,2.966,..
Seychelles,SYC,"Inflation, consumer prices (annual %)",FP.CPI.TOTL.ZG,1.80709400809982,2.6260363285129
Sierra Leone,SLE,Merchandise trade (% of GDP),TG.VAL.TOTL.GD.ZS,32.7580989172304,42.4911033910542
Sierra Leone,SLE,GDP (current US$),NY.GDP.MKTP.CD,6523577590.38319,7119137321.90082
Sierra Leone,SLE,"Unemployment, total (% of total labor force) (national estimate)",SL.UEM.TOTL.NE.ZS,..,..
Sierra Leone,SLE,"Inflation, consumer prices (annual %)",FP.CPI.TOTL.ZG,14.8049990906021,27.2082883814653
Singapore,SGP,Merchandise trade (% of GDP),TG.VAL.TOTL.GD.ZS,198.998598585947,198.88277504313
Singapore,SGP,GDP (current US$),NY.GDP.MKTP.CD,376901649222.451,498474540987.78
Singapore,SGP,"Unemployment, total (% of total labor force) (national estimate)",SL.UEM.TOTL.NE.ZS,3.1,3.591
Singapore,SGP,"Inflation, consumer prices (annual %)",FP.CPI.TOTL.ZG,0.565260568780326,6.12106004039418
Sint Maarten (Dutch part),SXM,Merchandise trade (% of GDP),TG.VAL.TOTL.GD.ZS,78.770892970375,84.1851213467177
Sint Maarten (Dutch part),SXM,GDP (current US$),NY.GDP.MKTP.CD,1407880446.92737,1537088715.0838
Sint Maarten (Dutch part),SXM,"Unemployment, total (% of total labor force) (national estimate)",SL.UEM.TOTL.NE.ZS,..,..
Sint Maarten (Dutch part),SXM,"Inflation, consumer prices (annual %)",FP.CPI.TOTL.ZG,..,..
Slovak Republic,SVK,Merchandise trade (% of GDP),TG.VAL.TOTL.GD.ZS,169.599458517762,190.506889904577
Slovak Republic,SVK,GDP (current US$),NY.GDP.MKTP.CD,105843498304.094,115928615553.286
Slovak Republic,SVK,"Unemployment, total (% of total labor force) (national estimate)",SL.UEM.TOTL.NE.ZS,5.761,6.143
Slovak Republic,SVK,"Inflation, consumer prices (annual %)",FP.CPI.TOTL.ZG,2.66456133425431,12.7741463637611
Slovenia,SVN,Merchandise trade (% of GDP),TG.VAL.TOTL.GD.ZS,164.997454061183,232.742110256593
Slovenia,SVN,GDP (current US$),NY.GDP.MKTP.CD,53909922735.545,59927702746.2843
Slovenia,SVN,"Unemployment, total (% of total labor force) (national estimate)",SL.UEM.TOTL.NE.ZS,4.446,4.011
Slovenia,SVN,"Inflation, consumer prices (annual %)",FP.CPI.TOTL.ZG,1.63052260754344,8.83369886749452
Solomon Islands,SLB,Merchandise trade (% of GDP),TG.VAL.TOTL.GD.ZS,64.9104000982318,60.5224587420251
Solomon Islands,SLB,GDP (current US$),NY.GDP.MKTP.CD,1619155017.3924,1566360686.10632
Solomon Islands,SLB,"Unemployment, total (% of total labor force) (national estimate)",SL.UEM.TOTL.NE.ZS,..,..
Solomon Islands,SLB,"Inflation, consumer prices (annual %)",FP.CPI.TOTL.ZG,1.63485544012247,5.51812928576938
Somalia,SOM,Merchandise trade (% of GDP),TG.VAL.TOTL.GD.ZS,45.384045360853,48.5064479964293
Somalia,SOM,GDP (current US$),NY.GDP.MKTP.CD,8655023960.002,10202767269.9603
Somalia,SOM,"Unemployment, total (% of total labor force) (national estimate)",SL.UEM.TOTL.NE.ZS,18.828,..
Somalia,SOM,"Inflation, consumer prices (annual %)",FP.CPI.TOTL.ZG,..,..
South Africa,ZAF,Merchandise trade (% of GDP),TG.VAL.TOTL.GD.ZS,50.7422966759987,63.6754145961625
South Africa,ZAF,GDP (current US$),NY.GDP.MKTP.CD,389330032224.269,406920004594.074
South Africa,ZAF,"Unemployment, total (% of total labor force) (national estimate)",SL.UEM.TOTL.NE.ZS,28.468,33.268
South Africa,ZAF,"Inflation, consumer prices (annual %)",FP.CPI.TOTL.ZG,4.10285075461156,7.03987272546482
South Sudan,SSD,Merchandise trade (% of GDP),TG.VAL.TOTL.GD.ZS,..,41.8359127871909
South Sudan,SSD,GDP (current US$),NY.GDP.MKTP.CD,..,..
South Sudan,SSD,"Unemployment, total (% of total labor force) (national estimate)",SL.UEM.TOTL.NE.ZS,..,..
South Sudan,SSD,"Inflation, consumer prices (annual %)",FP.CPI.TOTL.ZG,87.2413641500033,-6.68732094212672
Spain,ESP,Merchandise trade (% of GDP),TG.VAL.TOTL.GD.ZS,50.3576643446257,62.891266153065
Spain,ESP,GDP (current US$),NY.GDP.MKTP.CD,1403496387686.27,1446498147749.03
Spain,ESP,"Unemployment, total (% of total labor force) (national estimate)",SL.UEM.TOTL.NE.ZS,14.105,12.917
Spain,ESP,"Inflation, consumer prices (annual %)",FP.CPI.TOTL.ZG,0.699518994458739,8.39057634118627
Sri Lanka,LKA,Merchandise trade (% of GDP),TG.VAL.TOTL.GD.ZS,35.8108271135679,42.346827218229
Sri Lanka,LKA,GDP (current US$),NY.GDP.MKTP.CD,89014978344.1404,74144870023.4244
Sri Lanka,LKA,"Unemployment, total (% of total labor force) (national estimate)",SL.UEM.TOTL.NE.ZS,4.67,4.528
Sri Lanka,LKA,"Inflation, consumer prices (annual %)",FP.CPI.TOTL.ZG,3.52839358231811,49.7211021114327
St. Kitts and Nevis,KNA,Merchandise trade (% of GDP),TG.VAL.TOTL.GD.ZS,35.7447320649503,36.1717222796676
St. Kitts and Nevis,KNA,GDP (current US$),NY.GDP.MKTP.CD,1107855555.55556,981429629.62963
St. Kitts and Nevis,KNA,"Unemployment, total (% of total labor force) (national estimate)",SL.UEM.TOTL.NE.ZS,..,..
St. Kitts and Nevis,KNA,"Inflation, consumer prices (annual %)",FP.CPI.TOTL.ZG,-0.329562063663977,2.66817533111249
St. Lucia,LCA,Merchandise trade (% of GDP),TG.VAL.TOTL.GD.ZS,32.4524966858153,38.9720645661075
St. Lucia,LCA,GDP (current US$),NY.GDP.MKTP.CD,2095370370.37037,2342703703.7037
St. Lucia,LCA,"Unemployment, total (% of total labor force) (national estimate)",SL.UEM.TOTL.NE.ZS,15.613,15.934
St. Lucia,LCA,"Inflation, consumer prices (annual %)",FP.CPI.TOTL.ZG,0.539087559191757,6.37814695133351
St. Martin (French part),MAF,Merchandise trade (% of GDP),TG.VAL.TOTL.GD.ZS,169.118336422932,..
St. Martin (French part),MAF,GDP (current US$),NY.GDP.MKTP.CD,652206037.103874,..
St. Martin (French part),MAF,"Unemployment, total (% of total labor force) (national estimate)",SL.UEM.TOTL.NE.ZS,..,..
St. Martin (French part),MAF,"Inflation, consumer prices (annual %)",FP.CPI.TOTL.ZG,..,..
St. Vincent and the Grenadines,VCT,Merchandise trade (% of GDP),TG.VAL.TOTL.GD.ZS,41.0643047981554,50.0779833916452
St. Vincent and the Grenadines,VCT,GDP (current US$),NY.GDP.MKTP.CD,910766666.666667,966492592.592592
St. Vincent and the Grenadines,VCT,"Unemployment, total (% of total labor force) (national estimate)",SL.UEM.TOTL.NE.ZS,..,..
St. Vincent and the Grenadines,VCT,"Inflation, consumer prices (annual %)",FP.CPI.TOTL.ZG,0.91306972532459,5.66009779226552
Sudan,SDN,Merchandise trade (% of GDP),TG.VAL.TOTL.GD.ZS,40.2806856072692,29.9069759713721
Sudan,SDN,GDP (current US$),NY.GDP.MKTP.CD,32338079165.2893,51666875363.0963
Sudan,SDN,"Unemployment, total (% of total labor force) (national estimate)",SL.UEM.TOTL.NE.ZS,..,7.53
Sudan,SDN,"Inflation, consumer prices (annual %)",FP.CPI.TOTL.ZG,50.9940515002965,138.80846024176
Suriname,SUR,Merchandise trade (% of GDP),TG.VAL.TOTL.GD.ZS,96.2639676496627,122.349300685481
Suriname,SUR,GDP (current US$),NY.GDP.MKTP.CD,4016040575.08796,3791603200.0259
Suriname,SUR,"Unemployment, total (% of total labor force) (national estimate)",SL.UEM.TOTL.NE.ZS,..,..
Suriname,SUR,"Inflation, consumer prices (annual %)",FP.CPI.TOTL.ZG,..,52.446027276241
Sweden,SWE,Merchandise trade (% of GDP),TG.VAL.TOTL.GD.ZS,60.0461175612961,69.1196689356233
Sweden,SWE,GDP (current US$),NY.GDP.MKTP.CD,532169294165.94,579895717343.956
Sweden,SWE,"Unemployment, total (% of total labor force) (national estimate)",SL.UEM.TOTL.NE.ZS,6.833,7.392
Sweden,SWE,"Inflation, consumer prices (annual %)",FP.CPI.TOTL.ZG,1.78415097403835,8.36929098869189
Switzerland,CHE,Merchandise trade (% of GDP),TG.VAL.TOTL.GD.ZS,82.0334541027373,92.5932815606778
Switzerland,CHE,GDP (current US$),NY.GDP.MKTP.CD,721369112726.724,818426550206.45
Switzerland,CHE,"Unemployment, total (% of total labor force) (national estimate)",SL.UEM.TOTL.NE.ZS,4.394,4.122
Switzerland,CHE,"Inflation, consumer prices (annual %)",FP.CPI.TOTL.ZG,0.362886179940614,2.83502798644463
Syrian Arab Republic,SYR,Merchandise trade (% of GDP),TG.VAL.TOTL.GD.ZS,37.855833778197,47.7842891623821
Syrian Arab Republic,SYR,GDP (current US$),NY.GDP.MKTP.CD,22583045060.0821,23622827079.5047
Syrian Arab Republic,SYR,"Unemployment, total (% of total labor force) (national estimate)",SL.UEM.TOTL.NE.ZS,..,..
Syrian Arab Republic,SYR,"Inflation, consumer prices (annual %)",FP.CPI.TOTL.ZG,13.4175653228571,..
Tajikistan,TJK,Merchandise trade (% of GDP),TG.VAL.TOTL.GD.ZS,54.4886347089741,68.2315098276637
Tajikistan,TJK,GDP (current US$),NY.GDP.MKTP.CD,8300813599.3084,10713525200.3998
Tajikistan,TJK,"Unemployment, total (% of total labor force) (national estimate)",SL.UEM.TOTL.NE.ZS,..,..
Tajikistan,TJK,"Inflation, consumer prices (annual %)",FP.CPI.TOTL.ZG,..,..
Tanzania,TZA,Merchandise trade (% of GDP),TG.VAL.TOTL.GD.ZS,23.6896185388871,27.7735344870789
Tanzania,TZA,GDP (current US$),NY.GDP.MKTP.CD,61026731925.9213,75769974505.0106
Tanzania,TZA,"Unemployment, total (% of total labor force) (national estimate)",SL.UEM.TOTL.NE.ZS,..,..
Tanzania,TZA,"Inflation, consumer prices (annual %)",FP.CPI.TOTL.ZG,3.4642805799902,4.35027204269101
Thailand,THA,Merchandise trade (% of GDP),TG.VAL.TOTL.GD.ZS,88.7039844315299,118.72504504686
Thailand,THA,GDP (current US$),NY.GDP.MKTP.CD,543976691793.886,495645210972.751
Thailand,THA,"Unemployment, total (% of total labor force) (national estimate)",SL.UEM.TOTL.NE.ZS,0.716,0.94
Thailand,THA,"Inflation, consumer prices (annual %)",FP.CPI.TOTL.ZG,0.706728601314311,6.07741228434321
Timor-Leste,TLS,Merchandise trade (% of GDP),TG.VAL.TOTL.GD.ZS,36.6534576461179,43.850982704574
Timor-Leste,TLS,GDP (current US$),NY.GDP.MKTP.CD,2032550400,3208594000
Timor-Leste,TLS,"Unemployment, total (% of total labor force) (national estimate)",SL.UEM.TOTL.NE.ZS,..,1.537
Timor-Leste,TLS,"Inflation, consumer prices (annual %)",FP.CPI.TOTL.ZG,0.958812739703141,7.00530945399787
Togo,TGO,Merchandise trade (% of GDP),TG.VAL.TOTL.GD.ZS,44.9897743989163,53.7243749779524
Togo,TGO,GDP (current US$),NY.GDP.MKTP.CD,6992700101.37188,8169476148.95692
Togo,TGO,"Unemployment, total (% of total labor force) (national estimate)",SL.UEM.TOTL.NE.ZS,2.036,1.965
Togo,TGO,"Inflation, consumer prices (annual %)",FP.CPI.TOTL.ZG,0.674652770077436,7.96757361617945
Tonga,TON,Merchandise trade (% of GDP),TG.VAL.TOTL.GD.ZS,52.2058128418588,54.2282560294042
Tonga,TON,GDP (current US$),NY.GDP.MKTP.CD,494197841.113077,518180042.241509
Tonga,TON,"Unemployment, total (% of total labor force) (national estimate)",SL.UEM.TOTL.NE.ZS,..,..
Tonga,TON,"Inflation, consumer prices (annual %)",FP.CPI.TOTL.ZG,1.17954334821808,10.9713652903022
Trinidad and Tobago,TTO,Merchandise trade (% of GDP),TG.VAL.TOTL.GD.ZS,56.8901154353772,64.9476267721176
Trinidad and Tobago,TTO,GDP (current US$),NY.GDP.MKTP.CD,23775659262.5735,30053446092.0128
Trinidad and Tobago,TTO,"Unemployment, total (% of total labor force) (national estimate)",SL.UEM.TOTL.NE.ZS,3.523,4.383
Trinidad and Tobago,TTO,"Inflation, consumer prices (annual %)",FP.CPI.TOTL.ZG,1.00054293027237,5.82838638517959
Tunisia,TUN,Merchandise trade (% of GDP),TG.VAL.TOTL.GD.ZS,87.0932836089983,101.429435605932
Tunisia,TUN,GDP (current US$),NY.GDP.MKTP.CD,41905642418.825,44579761022.8993
Tunisia,TUN,"Unemployment, total (% of total labor force) (national estimate)",SL.UEM.TOTL.NE.ZS,17.153,15.301
Tunisia,TUN,"Inflation, consumer prices (annual %)",FP.CPI.TOTL.ZG,6.72007532863799,8.30646124447623
Turkiye,TUR,Merchandise trade (% of GDP),TG.VAL.TOTL.GD.ZS,51.4027541578312,68.1146999549198
Turkiye,TUR,GDP (current US$),NY.GDP.MKTP.CD,761005915750.925,907118434653.505
Turkiye,TUR,"Unemployment, total (% of total labor force) (national estimate)",SL.UEM.TOTL.NE.ZS,13.73,10.465
Turkiye,TUR,"Inflation, consumer prices (annual %)",FP.CPI.TOTL.ZG,15.1768215720022,72.3088359891207
Turkmenistan,TKM,Merchandise trade (% of GDP),TG.VAL.TOTL.GD.ZS,30.0600069481729,29.0663365665061
Turkmenistan,TKM,GDP (current US$),NY.GDP.MKTP.CD,45232857142.8571,58972000000
Turkmenistan,TKM,"Unemployment, total (% of total labor force) (national estimate)",SL.UEM.TOTL.NE.ZS,..,..
Turkmenistan,TKM,"Inflation, consumer prices (annual %)",FP.CPI.TOTL.ZG,..,..
Turks and Caicos Islands,TCA,Merchandise trade (% of GDP),TG.VAL.TOTL.GD.ZS,30.1541203834352,38.4116339192886
Turks and Caicos Islands,TCA,GDP (current US$),NY.GDP.MKTP.CD,1177285211.72521,1228794382.95121
Turks and Caicos Islands,TCA,"Unemployment, total (% of total labor force) (national estimate)",SL.UEM.TOTL.NE.ZS,..,..
Turks and Caicos Islands,TCA,"Inflation, consumer prices (annual %)",FP.CPI.TOTL.ZG,..,..
Tuvalu,TUV,Merchandise trade (% of GDP),TG.VAL.TOTL.GD.ZS,60.9720062268324,57.5627438983574
Tuvalu,TUV,GDP (current US$),NY.GDP.MKTP.CD,54123198.5662913,59065982.0873657
Tuvalu,TUV,"Unemployment, total (% of total labor force) (national estimate)",SL.UEM.TOTL.NE.ZS,..,7.318
Tuvalu,TUV,"Inflation, consumer prices (annual %)",FP.CPI.TOTL.ZG,..,..
Uganda,UGA,Merchandise trade (% of GDP),TG.VAL.TOTL.GD.ZS,31.8545620545228,29.6365658898911
Uganda,UGA,GDP (current US$),NY.GDP.MKTP.CD,35348155095.4215,45565333210.9108
Uganda,UGA,"Unemployment, total (% of total labor force) (national estimate)",SL.UEM.TOTL.NE.ZS,2.563,..
Uganda,UGA,"Inflation, consumer prices (annual %)",FP.CPI.TOTL.ZG,2.867588034469,7.1957888597581
Ukraine,UKR,Merchandise trade (% of GDP),TG.VAL.TOTL.GD.ZS,72.0378246948228,61.3792790776456
Ukraine,UKR,GDP (current US$),NY.GDP.MKTP.CD,153883047509.577,161989520721.19
Ukraine,UKR,"Unemployment, total (% of total labor force) (national estimate)",SL.UEM.TOTL.NE.ZS,8.194,..
Ukraine,UKR,"Inflation, consumer prices (annual %)",FP.CPI.TOTL.ZG,7.88671745611133,20.1836366617478
United Arab Emirates,ARE,Merchandise trade (% of GDP),TG.VAL.TOTL.GD.ZS,162.175040378286,186.205397839361
United Arab Emirates,ARE,GDP (current US$),NY.GDP.MKTP.CD,417989721734.494,502731935197.487
United Arab Emirates,ARE,"Unemployment, total (% of total labor force) (national estimate)",SL.UEM.TOTL.NE.ZS,2.331,2.873
United Arab Emirates,ARE,"Inflation, consumer prices (annual %)",FP.CPI.TOTL.ZG,-1.93108114782173,5.29122604376849
United Kingdom,GBR,Merchandise trade (% of GDP),TG.VAL.TOTL.GD.ZS,40.5495929949865,43.5616730526313
United Kingdom,GBR,GDP (current US$),NY.GDP.MKTP.CD,2851407164907.81,3114042471144.39
United Kingdom,GBR,"Unemployment, total (% of total labor force) (national estimate)",SL.UEM.TOTL.NE.ZS,3.657,3.768
United Kingdom,GBR,"Inflation, consumer prices (annual %)",FP.CPI.TOTL.ZG,1.73810460086513,7.92204883147902
United States,USA,Merchandise trade (% of GDP),TG.VAL.TOTL.GD.ZS,19.5478622034132,20.90564220801
United States,USA,GDP (current US$),NY.GDP.MKTP.CD,21539982000000,26006893000000
United States,USA,"Unemployment, total (% of total labor force) (national estimate)",SL.UEM.TOTL.NE.ZS,3.669,3.65
United States,USA,"Inflation, consumer prices (annual %)",FP.CPI.TOTL.ZG,1.81221007526021,8.00279982052121
Uruguay,URY,Merchandise trade (% of GDP),TG.VAL.TOTL.GD.ZS,25.5953145328964,34.4290016959471
Uruguay,URY,GDP (current US$),NY.GDP.MKTP.CD,62222325807.0578,70164683290.3776
Uruguay,URY,"Unemployment, total (% of total labor force) (national estimate)",SL.UEM.TOTL.NE.ZS,8.836,7.877
Uruguay,URY,"Inflation, consumer prices (annual %)",FP.CPI.TOTL.ZG,7.88198870879619,9.10437983075437
Uzbekistan,UZB,Merchandise trade (% of GDP),TG.VAL.TOTL.GD.ZS,54.6812449292944,48.2774323514434
Uzbekistan,UZB,GDP (current US$),NY.GDP.MKTP.CD,67293639798.3996,90095926567.4359
Uzbekistan,UZB,"Unemployment, total (% of total labor force) (national estimate)",SL.UEM.TOTL.NE.ZS,8.98,..
Uzbekistan,UZB,"Inflation, consumer prices (annual %)",FP.CPI.TOTL.ZG,14.5257359560687,11.4466436998836
Vanuatu,VUT,Merchandise trade (% of GDP),TG.VAL.TOTL.GD.ZS,44.0991368078176,40.1088104090165
Vanuatu,VUT,GDP (current US$),NY.GDP.MKTP.CD,936526267.622513,1022219297.50335
Vanuatu,VUT,"Unemployment, total (% of total labor force) (national estimate)",SL.UEM.TOTL.NE.ZS,5.445,..
Vanuatu,VUT,"Inflation, consumer prices (annual %)",FP.CPI.TOTL.ZG,2.76252019386111,6.67930581887121
"Venezuela, RB",VEN,Merchandise trade (% of GDP),TG.VAL.TOTL.GD.ZS,..,..
"Venezuela, RB",VEN,GDP (current US$),NY.GDP.MKTP.CD,..,..
"Venezuela, RB",VEN,"Unemployment, total (% of total labor force) (national estimate)",SL.UEM.TOTL.NE.ZS,..,..
"Venezuela, RB",VEN,"Inflation, consumer prices (annual %)",FP.CPI.TOTL.ZG,..,..
Viet Nam,VNM,Merchandise trade (% of GDP),TG.VAL.TOTL.GD.ZS,154.819009531422,178.014434589132
Viet Nam,VNM,GDP (current US$),NY.GDP.MKTP.CD,334365270496.667,410324028883.325
Viet Nam,VNM,"Unemployment, total (% of total labor force) (national estimate)",SL.UEM.TOTL.NE.ZS,1.681,1.523
Viet Nam,VNM,"Inflation, consumer prices (annual %)",FP.CPI.TOTL.ZG,2.7958236745225,3.15650749963129
Virgin Islands (U.S.),VIR,Merchandise trade (% of GDP),TG.VAL.TOTL.GD.ZS,..,..
Virgin Islands (U.S.),VIR,GDP (current US$),NY.GDP.MKTP.CD,4121000000,4672000000
Virgin Islands (U.S.),VIR,"Unemployment, total (% of total labor force) (national estimate)",SL.UEM.TOTL.NE.ZS,..,..
Virgin Islands (U.S.),VIR,"Inflation, consumer prices (annual %)",FP.CPI.TOTL.ZG,..,..
West Bank and Gaza,PSE,Merchandise trade (% of GDP),TG.VAL.TOTL.GD.ZS,..,..
West Bank and Gaza,PSE,GDP (current US$),NY.GDP.MKTP.CD,17133500000,19165500000
West Bank and Gaza,PSE,"Unemployment, total (% of total labor force) (national estimate)",SL.UEM.TOTL.NE.ZS,25.34,24.42
West Bank and Gaza,PSE,"Inflation, consumer prices (annual %)",FP.CPI.TOTL.ZG,1.58018333639455,3.74122391852077
"Yemen, Rep.",YEM,Merchandise trade (% of GDP),TG.VAL.TOTL.GD.ZS,24.5481293122993,25.3549089923312
"Yemen, Rep.",YEM,GDP (current US$),NY.GDP.MKTP.CD,..,..
"Yemen, Rep.",YEM,"Unemployment, total (% of total labor force) (national estimate)",SL.UEM.TOTL.NE.ZS,..,..
"Yemen, Rep.",YEM,"Inflation, consumer prices (annual %)",FP.CPI.TOTL.ZG,..,..
Zambia,ZMB,Merchandise trade (% of GDP),TG.VAL.TOTL.GD.ZS,60.9730257146967,70.7967159421938
Zambia,ZMB,GDP (current US$),NY.GDP.MKTP.CD,23308667781.2258,29163782140.4858
Zambia,ZMB,"Unemployment, total (% of total labor force) (national estimate)",SL.UEM.TOTL.NE.ZS,5.538,5.993
Zambia,ZMB,"Inflation, consumer prices (annual %)",FP.CPI.TOTL.ZG,9.15031644316296,10.9932039209136
Zimbabwe,ZWE,Merchandise trade (% of GDP),TG.VAL.TOTL.GD.ZS,35.3301520474394,46.4748867955429
Zimbabwe,ZWE,GDP (current US$),NY.GDP.MKTP.CD,25717409842.4479,32789751736.3323
Zimbabwe,ZWE,"Unemployment, total (% of total labor force) (national estimate)",SL.UEM.TOTL.NE.ZS,7.373,10.087
Zimbabwe,ZWE,"Inflation, consumer prices (annual %)",FP.CPI.TOTL.ZG,255.304990757856,104.705170628667
,,,,,
,,,,,
,,,,,
Data from database: World Development Indicators,,,,,
Last Updated: 04/15/2025,,,,,
